trp_multiplayer_profile_troop_male|многопользовательский профиль войск мужчин
trp_multiplayer_profile_troop_male_pl|многопользовательский профиль войск мужчин
trp_multiplayer_profile_troop_female|многопользовательский профиль войск женщин
trp_multiplayer_profile_troop_female_pl|многопользовательский профиль войск женщин
trp_temp_troop|Временный отряд
trp_temp_troop_pl|Временные отряды
trp_find_item_cheat|чит поиска предмета
trp_find_item_cheat_pl|чит поиска предметов
trp_random_town_sequence|Random Town Sequence
trp_random_town_sequence_pl|Random Town Sequence
trp_tournament_participants|Участник турнира
trp_tournament_participants_pl|Участники турнира
trp_tutorial_maceman|Воин с булавой
trp_tutorial_maceman_pl|Воины с булавами
trp_tutorial_archer|Стрелок
trp_tutorial_archer_pl|Стрелки
trp_tutorial_swordsman|Мечник
trp_tutorial_swordsman_pl|Мечники
trp_novice_fighter|Боец-новичок
trp_novice_fighter_pl|Бойцы-новички
trp_regular_fighter|Опытный боец
trp_regular_fighter_pl|Опытные бойцы
trp_veteran_fighter|Боец-ветеран
trp_veteran_fighter_pl|Бойцы-ветераны
trp_champion_fighter|Боец-чемпион
trp_champion_fighter_pl|Бойцы-чемпионы
trp_arena_training_fighter_1|Боец-новичок
trp_arena_training_fighter_1_pl|Бойцы-новички
trp_arena_training_fighter_2|Неподготовленный боец
trp_arena_training_fighter_2_pl|Неподготовленные бойцы
trp_arena_training_fighter_3|Обученный боец
trp_arena_training_fighter_3_pl|Обученные бойцы
trp_arena_training_fighter_4|Наемный боец
trp_arena_training_fighter_4_pl|Наемные бойцы
trp_arena_training_fighter_5|Наемный боец
trp_arena_training_fighter_5_pl|Наемные бойцы
trp_arena_training_fighter_6|Боец-ветеран
trp_arena_training_fighter_6_pl|Бойцы-ветераны
trp_arena_training_fighter_7|Закаленный боец
trp_arena_training_fighter_7_pl|Закаленные бойцы
trp_arena_training_fighter_8|Боец сингалийской арены
trp_arena_training_fighter_8_pl|Бойцы сингалийской арены
trp_arena_training_fighter_9|Прославленный боец
trp_arena_training_fighter_9_pl|Прославленные бойцы
trp_arena_training_fighter_10|Боец-чемпион
trp_arena_training_fighter_10_pl|Бойцы-чемпионы
trp_arena_training_fighter_fem_1|Боец-новичок
trp_arena_training_fighter_fem_1_pl|Бойцы-новички
trp_arena_training_fighter_fem_2|Нетренированный боец
trp_arena_training_fighter_fem_2_pl|Нетренированные бойцы
trp_arena_training_fighter_fem_3|Тренированный боец
trp_arena_training_fighter_fem_3_pl|Тренированные бойцы
trp_arena_training_fighter_fem_4|Наёмница
trp_arena_training_fighter_fem_4_pl|Наёмницы
trp_arena_training_fighter_fem_5|Наёмница
trp_arena_training_fighter_fem_5_pl|Наёмницы
trp_arena_training_fighter_fem_6|Воительница
trp_arena_training_fighter_fem_6_pl|Воительницы
trp_arena_training_fighter_fem_7|Закаленный боец
trp_arena_training_fighter_fem_7_pl|Закаленные бойцы
trp_arena_training_fighter_fem_8|Амазонка
trp_arena_training_fighter_fem_8_pl|Амазонки
trp_arena_training_fighter_fem_9|Прославленный боец
trp_arena_training_fighter_fem_9_pl|Прославленные бойцы
trp_arena_training_fighter_fem_10|Чемпионка
trp_arena_training_fighter_fem_10_pl|Чемпионки
trp_arena_training_fighter_dshar_1|Боец-новичок
trp_arena_training_fighter_dshar_1_pl|Бойцы-новички
trp_arena_training_fighter_dshar_2|Неподготовленный боец
trp_arena_training_fighter_dshar_2_pl|Неподготовленные бойцы
trp_arena_training_fighter_dshar_3|Обученный боец
trp_arena_training_fighter_dshar_3_pl|Обученные бойцы
trp_arena_training_fighter_dshar_4|Наемный боец
trp_arena_training_fighter_dshar_4_pl|Наемные бойцы
trp_arena_training_fighter_dshar_5|Наёмный боец
trp_arena_training_fighter_dshar_5_pl|Наёмные бойцы
trp_arena_training_fighter_dshar_6|Боец-ветеран
trp_arena_training_fighter_dshar_6_pl|Бойцы-ветераны
trp_arena_training_fighter_dshar_7|Закалённый боец
trp_arena_training_fighter_dshar_7_pl|Закалённые бойцы
trp_arena_training_fighter_dshar_8|Боец сингалийской арены
trp_arena_training_fighter_dshar_8_pl|Бойцы сингалийской арены
trp_arena_training_fighter_dshar_9|Прославленный боец
trp_arena_training_fighter_dshar_9_pl|Прославленные бойцы
trp_arena_training_fighter_dshar_10|Чемпион
trp_arena_training_fighter_dshar_10_pl|Чемпионы
trp_arena_training_fighter_dshar_fem_1|Боец-новичок
trp_arena_training_fighter_dshar_fem_1_pl|Бойцы-новички
trp_arena_training_fighter_dshar_fem_2|Неподготовленный боец
trp_arena_training_fighter_dshar_fem_2_pl|Неподготовленные бойцы
trp_arena_training_fighter_dshar_fem_3|Обученный боец
trp_arena_training_fighter_dshar_fem_3_pl|Обученные бойцы
trp_arena_training_fighter_dshar_fem_4|Наёмница
trp_arena_training_fighter_dshar_fem_4_pl|Наёмницы
trp_arena_training_fighter_dshar_fem_5|Наёмница
trp_arena_training_fighter_dshar_fem_5_pl|Наёмницы
trp_arena_training_fighter_dshar_fem_6|Воительница
trp_arena_training_fighter_dshar_fem_6_pl|Воительницы
trp_arena_training_fighter_dshar_fem_7|Закаленный боец
trp_arena_training_fighter_dshar_fem_7_pl|Закаленные бойцы
trp_arena_training_fighter_dshar_fem_8|Амазонка
trp_arena_training_fighter_dshar_fem_8_pl|Амазонки
trp_arena_training_fighter_dshar_fem_9|Прославленный боец
trp_arena_training_fighter_dshar_fem_9_pl|Прославленные бойцы
trp_arena_training_fighter_dshar_fem_10|Чемпионка
trp_arena_training_fighter_dshar_fem_10_pl|Чемпионки
trp_cattle|Скот
trp_cattle_pl|Скот
trp_farmer|Крестьянин
trp_farmer_pl|Крестьяне
trp_townsman|Горожанин
trp_townsman_pl|Горожане
trp_watchman|Наемник
trp_watchman_pl|Наемники
trp_caravan_guard|Наемный воин
trp_caravan_guard_pl|Наемные воины
trp_mercenary_swordsman|Наемный мечник
trp_mercenary_swordsman_pl|Наемные мечники
trp_mercenary_sergeants|Наемный сержант
trp_mercenary_sergeants_pl|Наемные сержанты
trp_mercenary_crossbowman|Наемный арбалетчик
trp_mercenary_crossbowman_pl|Наемные арбалетчики
trp_mercenary_armcrossbow|Наемный бронир. арбалетчик
trp_mercenary_armcrossbow_pl|Наемные бронированные арбалетчики
trp_mercenary_sharp|Наемный снайпер
trp_mercenary_sharp_pl|Наемные снайперы
trp_mercenary_cavalry|Наемный скаут
trp_mercenary_cavalry_pl|Наемные скауты
trp_hired_blade|Наемный всадник
trp_hired_blade_pl|Наемные всадники
trp_slave_hunter|Охотник за головами
trp_slave_hunter_pl|Охотники за головами
trp_singalian_spearman|Сингалийский копейщик
trp_singalian_spearman_pl|Сингалийские копейщики
trp_noble_foreign|Молодой дворянин Д'Шар
trp_noble_foreign_pl|Молодые дворяне Д'Шар
trp_noble_western|Молодой фирдсвейнский дворянин
trp_noble_western_pl|Молодые фирдсвейнские дворяне
trp_noble_northern|Молодой равенстернский дворянин
trp_noble_northern_pl|Молодые равенстернские дворяне
trp_noble_eastern|Молодой сарлеонский дворянин
trp_noble_eastern_pl|Молодые сарлеонские дворяне
trp_noble_southern|Молодой баккусский дворянин
trp_noble_southern_pl|Молодые баккусские дворяне
trp_vanskerry_marauder|Мародер Ванскерри
trp_vanskerry_marauder_pl|Мародеры Ванскерри
trp_jatu_merc|Всадник-изгой Джату
trp_jatu_merc_pl|Всадники-изгои Джату
trp_highlander_merc|Наемный горец
trp_highlander_merc_pl|Наемные горцы
trp_melitine_merc|Мелитайнский вольный брат
trp_melitine_merc_pl|Мелитайнские вольные братья
trp_adventurer|Странствующий рыцарь
trp_adventurer_pl|Странствующие рыцари
trp_looter_merc|Городской бандит
trp_looter_merc_pl|Городские бандиты
trp_vecavi_man_hunter|Виккавийская охотница на людей
trp_vecavi_man_hunter_pl|Виккавийские охотницы на людей
trp_mett_avonteurer|Меттенхаймский авантюрист
trp_mett_avonteurer_pl|Меттенхаймские авантюристы
trp_barclay_adventurer|Барклайский авантюрист
trp_barclay_adventurer_pl|Барклайские авантюристы
trp_follower_woman|Дозорная
trp_follower_woman_pl|Дозорные
trp_hunter_woman|Стражница
trp_hunter_woman_pl|Стражницы
trp_mercenaries_end|Конец списка наемников
trp_mercenaries_end_pl|Конец списка наемников
trp_sarleon_recruit|Сарлеонский новобранец
trp_sarleon_recruit_pl|Сарлеонские новобранцы
trp_sarleon_militia|Сарлеонский ополченец
trp_sarleon_militia_pl|Сарлеонские ополченцы
trp_sarleon_trained_militia|Сарлеонский обученный ополченец
trp_sarleon_trained_militia_pl|Сарлеонские обученные ополченцы
trp_sarleon_footman|Сарлеонский пехотинец
trp_sarleon_footman_pl|Сарлеонские пехотинцы
trp_sarleon_arm_footman|Сарлеонский бронир. пехотинец
trp_sarleon_arm_footman_pl|Сарлеонские бронированные пехотинцы
trp_sarleon_halberdier|Сарлеонский алебардщик
trp_sarleon_halberdier_pl|Сарлеонские алебардщики
trp_sarleon_skirmisher|Сарлеонский застрельщик
trp_sarleon_skirmisher_pl|Сарлеонские застрельщики
trp_sarleon_longbowman|Сарлеонский лучник
trp_sarleon_longbowman_pl|Сарлеонские лучники
trp_sarleon_arm_longbowman|Сарлеонский бронир. лучник
trp_sarleon_arm_longbowman_pl|Сарлеонские бронированные лучники
trp_sarleon_manatarms|Сарлеонский воитель
trp_sarleon_manatarms_pl|Сарлеонские воители
trp_sarleon_cavalry|Сарлеонский кавалерист
trp_sarleon_cavalry_pl|Сарлеонские кавалеристы
trp_marleons_cavalry|Марлеонский тяжелый кавалерист
trp_marleons_cavalry_pl|Марлеонские тяжелые кавалеристы
trp_sarleon_nobleman|Сарлеонский дворянин
trp_sarleon_nobleman_pl|Сарлеонские дворяне
trp_sarleon_squire|Сарлеонский сквайр
trp_sarleon_squire_pl|Сарлеонские сквайры
trp_sarleon_knight|Сарлеонский рыцарь
trp_sarleon_knight_pl|Сарлеонские рыцари
trp_sarleon_deserter|Дезертир Сарлеона
trp_sarleon_deserter_pl|Дезертиры Сарлеона
trp_sarleon_prison_guard|Тюремный охранник
trp_sarleon_prison_guard_pl|Тюремные охранники
trp_sarleon_castle_guard|Замковый стражник
trp_sarleon_castle_guard_pl|Замковые стражники
trp_rav_recruit|Равенстернский новобранец
trp_rav_recruit_pl|Равенстернские новобранцы
trp_rav_militia|Равенстернский ополченец
trp_rav_militia_pl|Равенстернские ополченцы
trp_rav_skirmisher|Равенстернский застрельщик
trp_rav_skirmisher_pl|Равенстернские застрельщики
trp_rav_archer|Равенстернский стрелок
trp_rav_archer_pl|Равенстернские стрелки
trp_rav_warden|Равенстернский смотритель
trp_rav_warden_pl|Равенстернские смотрители
trp_rav_manatarms|Равенстернский воитель
trp_rav_manatarms_pl|Равенстернские воители
trp_rav_footman|Равенстернский пехотинец
trp_rav_footman_pl|Равенстернские пехотинцы
trp_rav_kierguard|Равенстернский гвардеец
trp_rav_kierguard_pl|Равенстернские гвардейцы
trp_rav_highlander|Равенстернский горец
trp_rav_highlander_pl|Равенстернские горцы
trp_rav_horseman|Равенстернский всадник
trp_rav_horseman_pl|Равенстернские всадники
trp_rav_trained_militia|Равенстернский обученный ополченец
trp_rav_trained_militia_pl|Равенстернские обученные ополченцы
trp_rav_ranger|Равенстернский рейнджер
trp_rav_ranger_pl|Равенстернские рейнджеры
trp_rav_mounted_ranger|Равенстернский конный рейнджер
trp_rav_mounted_ranger_pl|Равенстернские конные рейнджеры
trp_rav_nobleman|Равенстернский дворянин
trp_rav_nobleman_pl|Равенстернские дворяне
trp_rav_squire|Равенстернский сквайр
trp_rav_squire_pl|Равенстернские сквайры
trp_rav_knight|Равенстернский рыцарь
trp_rav_knight_pl|Равенстернские рыцари
trp_rav_deserter|Дезертир Равенстерна
trp_rav_deserter_pl|Дезертиры Равенстерна
trp_rav_prison_guard|Тюремный охранник
trp_rav_prison_guard_pl|Тюремные охранники
trp_rav_castle_guard|Замковый стражник
trp_rav_castle_guard_pl|Замковые стражники
trp_dshar_tribesman|Д'Шар соплеменник
trp_dshar_tribesman_pl|Д'Шар соплеменники
trp_dshar_hunter|Д'Шар охотник племени
trp_dshar_hunter_pl|Д'Шар охотники племен
trp_dshar_conscript|Д'Шар призывник
trp_dshar_conscript_pl|Д'Шар призывники
trp_dshar_desert_fighter|Д'Шар воин пустыни
trp_dshar_desert_fighter_pl|Д'Шар воины пустыни
trp_dshar_warrior|Д'Шар воин
trp_dshar_warrior_pl|Д'Шар воины
trp_dshar_ghazi_dervish|Д'Шар Гази дервиш
trp_dshar_ghazi_dervish_pl|Д'Шар Гази дервиши
trp_dshar_ghazi_spearman|Д'Шар Гази копейщик
trp_dshar_ghazi_spearman_pl|Д'Шар Гази копейщики
trp_dshar_desert_bowman|Д'Шар охотник пустыни
trp_dshar_desert_bowman_pl|Д'Шар охотники пустыни
trp_dshar_ghazi_marksman|Д'Шар Гази стрелок
trp_dshar_ghazi_marksman_pl|Д'Шар Гази стрелки
trp_dshar_mtd_raider|Д'Шар всадник
trp_dshar_mtd_raider_pl|Д'Шар всадники
trp_dshar_mtd_bowfighter|Д'Шар рейдер
trp_dshar_mtd_bowfighter_pl|Д'Шар рейдеры
trp_dshar_sand_stalker|Д'Шар Гази разведчик
trp_dshar_sand_stalker_pl|Д'Шар Гази разведчики
trp_dshar_mtd_horseman|Д'Шар похититель
trp_dshar_mtd_horseman_pl|Д'Шар похитители
trp_dshar_dune_rider|Д'Шар Гази похититель
trp_dshar_dune_rider_pl|Д'Шар Гази похитители
trp_dshar_nobleman|Д'Шар дворянин
trp_dshar_nobleman_pl|Д'Шар дворяне
trp_dshar_noble_raider|Д'Шар благородный рейдер
trp_dshar_noble_raider_pl|Д'Шар благородные рейдеры
trp_dshar_noble_cavalry|Д'Шар благородный кавалерист
trp_dshar_noble_cavalry_pl|Д'Шар благородные кавалеристы
trp_dshar_deserter|Дезертир Д'Шар
trp_dshar_deserter_pl|Дезертиры Д'Шар
trp_dshar_prison_guard|Тюремный охранник
trp_dshar_prison_guard_pl|Тюремные охранники
trp_dshar_castle_guard|Замковый стражник
trp_dshar_castle_guard_pl|Замковые стражники
trp_dshar_djaha|Стрелок Джаха Д'Шар
trp_dshar_djaha_pl|Стрелки Джаха Д'Шар
trp_fierd_recruit|Фирдсвейнский новобранец
trp_fierd_recruit_pl|Фирдсвейнские новобранцы
trp_fierd_militia|Фирдсвейнский ополченец
trp_fierd_militia_pl|Фирдсвейнские ополченцы
trp_fierd_tr_militia|Фирдсвейнский обученный ополченец
trp_fierd_tr_militia_pl|Фирдсвейнские обученные ополченцы
trp_fierd_light_infantry|Фирдсвейнский легкий пехотинец
trp_fierd_light_infantry_pl|Фирдсвейнские легкие пехотинцы
trp_fierd_warrior|Фирдсвейнский воин
trp_fierd_warrior_pl|Фирдсвейнские воины
trp_fierd_hunter|Фирдсвейнский охотник
trp_fierd_hunter_pl|Фирдсвейнские охотники
trp_fierd_axeman|Фирдсвейнский секирщик
trp_fierd_axeman_pl|Фирдсвейнские секирщики
trp_fierd_armored_axeman|Фирдсвейнский бронир. секирщик
trp_fierd_armored_axeman_pl|Фирдсвейнские бронированные секирщики
trp_fierd_huscarl|Фирдсвейнский хускарл
trp_fierd_huscarl_pl|Фирдсвейнские хускарлы
trp_valdis_huscarl|Хускарл Валдиса
trp_valdis_huscarl_pl|Хускарлы Валдиса
trp_fierd_berserker|Фирдсвейнский берсеркер
trp_fierd_berserker_pl|Фирдсвейнские берсеркеры
trp_fierd_bowman|Фирдсвейнский лучник
trp_fierd_bowman_pl|Фирдсвейнские лучники
trp_fierd_archer|Фирдсвейнский стрелок
trp_fierd_archer_pl|Фирдсвейнские стрелки
trp_fierd_heavy_archer|Фирдсвейнский тяжелый стрелок
trp_fierd_heavy_archer_pl|Фирдсвейнские тяжелые стрелки
trp_fierd_noblewoman|Фирдсвейнская дворянин
trp_fierd_noblewoman_pl|Фирдсвейнская дворянин
trp_fierd_sword_maiden|Фирдсвейнский знатный воин
trp_fierd_sword_maiden_pl|Фирдсвейнский знатный воин
trp_valkyrie|Фирдсвейнский хэрсир
trp_valkyrie_pl|Фирдсвейнский хэрсир
trp_fierd_deserter|Дезертир Фирдсвейна
trp_fierd_deserter_pl|Дезертиры Фирдсвейна
trp_fierd_prison_guard|Тюремный охранник
trp_fierd_prison_guard_pl|Тюремные охранники
trp_fierd_castle_guard|Замковый стражник
trp_fierd_castle_guard_pl|Замковые стражники
trp_empire_citizen|Имперский гражданин
trp_empire_citizen_pl|Имперские граждане
trp_empire_recruit|Имперский рекрут
trp_empire_recruit_pl|Имперские рекруты
trp_empire_militia|Имперский рекрут-ополченец
trp_empire_militia_pl|Имперские рекруты-ополченцы
trp_empire_infantry|Имперский тяжелый пехотинец
trp_empire_infantry_pl|Имперские тяжелые пехотинцы
trp_empire_knight|Имперский рыцарь
trp_empire_knight_pl|Имперские рыцари
trp_empire_legionnaire|Имперский легионер
trp_empire_legionnaire_pl|Имперские легионеры
trp_empire_noble_foot|Имперский благор. легионер-новобранец
trp_empire_noble_foot_pl|Имперские благор. легионеры-новобранцы
trp_empire_hunter|Имперский рекрут-охотник
trp_empire_hunter_pl|Имперские рекруты-охотники
trp_empire_skirmisher|Имперский рекрут-застрельщик
trp_empire_skirmisher_pl|Имперские рекруты-застрельщики
trp_empire_crossbowman|Имперский арбалетчик
trp_empire_crossbowman_pl|Имперские арбалетчики
trp_empire_arm_crossbowman|Имперский бронир. арбалетчик
trp_empire_arm_crossbowman_pl|Имперские бронированные арбалетчики
trp_empire_light_infantry|Имперский легкий пехотинец
trp_empire_light_infantry_pl|Имперские легкие пехотинцы
trp_empire_pikeman|Имперский пикинер
trp_empire_pikeman_pl|Имперские пикинеры
trp_empire_armored_pikeman|Имперский бронир. пикинер
trp_empire_armored_pikeman_pl|Имперские бронированные пикинеры
trp_empire_gladiator|Имперский гладиатор
trp_empire_gladiator_pl|Имперские гладиаторы
trp_empire_nobleman|Имперский дворянин
trp_empire_nobleman_pl|Имперские дворяне
trp_empire_light_cavalry|Имперский легкий кавалерист
trp_empire_light_cavalry_pl|Имперские легкие кавалеристы
trp_empire_horseman|Имперский всадник
trp_empire_horseman_pl|Имперские всадники
trp_empire_deserter|Дезертир Империи
trp_empire_deserter_pl|Дезертиры Империи
trp_empire_prison_guard|Тюремный охранник
trp_empire_prison_guard_pl|Тюремные охранники
trp_empire_castle_guard|Замковый стражник
trp_empire_castle_guard_pl|Замковые стражники
trp_empire_guardian_knight|Рыцарь-страж Империи
trp_empire_guardian_knight_pl|Рыцари-стражи Империи
trp_pendor_recruit|Пендорский новобранец
trp_pendor_recruit_pl|Пендорские новобранцы
trp_pendor_militia|Пендорский ополченец
trp_pendor_militia_pl|Пендорские ополченцы
trp_pendor_footman|Пендорский пехотинец
trp_pendor_footman_pl|Пендорские пехотинцы
trp_pendor_swordsman|Пендорский мечник
trp_pendor_swordsman_pl|Пендорские мечники
trp_pendor_spearman|Пендорский копейщик
trp_pendor_spearman_pl|Пендорские копейщики
trp_pendor_heavy_spearman|Пендорский тяжелый копейщик
trp_pendor_heavy_spearman_pl|Пендорский тяжелый копейщик
trp_pendor_manatarms|Пендорский воитель
trp_pendor_manatarms_pl|Пендорские воители
trp_pendor_bladesman|Пендорский мастер меча
trp_pendor_bladesman_pl|Пендорские мастера меча
trp_pendor_cavalry|Пендорский кавалерист
trp_pendor_cavalry_pl|Пендорские кавалеристы
trp_pendor_mtdmanatarms|Пендорский конный воитель
trp_pendor_mtdmanatarms_pl|Пендорские конные воители
trp_pendor_nobleman|Пендорский дворянин
trp_pendor_nobleman_pl|Пендорские дворяне
trp_pendor_squire|Пендорский оруженосец
trp_pendor_squire_pl|Пендорские оруженосец
trp_pendor_knight|Пендорский рыцарь
trp_pendor_knight_pl|Пендорские рыцари
trp_pendor_foot_knight|Пендорский пеший рыцарь
trp_pendor_foot_knight_pl|Пендорские пешие рыцари
trp_pendor_light_bowman|Пендорский легкий стрелок
trp_pendor_light_bowman_pl|Пендорские легкие стрелки
trp_pendor_heavy_bowman|Пендорский тяжелый стрелок
trp_pendor_heavy_bowman_pl|Пендорские тяжелые стрелки
trp_pendor_armored_bowman|Пендорский бронир. стрелок
trp_pendor_armored_bowman_pl|Пендорские бронированные стрелки
trp_pendor_noble_bowman|Пендорский благородный лучник
trp_pendor_noble_bowman_pl|Пендорские благородные лучники
trp_pendor_gray_archer|Пендорский Черный стрелок
trp_pendor_gray_archer_pl|Пендорские Черные стрелки
trp_rb_thief|Вор Красного братства
trp_rb_thief_pl|Воры Красного братства
trp_rb_guildsman|Член гильдии Красного братства
trp_rb_guildsman_pl|Члены гильдии Красного братства
trp_iceguard_ranger|Рейнджер Ледяной Стражи
trp_iceguard_ranger_pl|Рейнджеры Ледяной Стражи
trp_pilgrim|Пилигрим
trp_pilgrim_pl|Пилигримы
trp_monk|Монах
trp_monk_pl|Монахи
trp_pendorian_cleric|Клерик
trp_pendorian_cleric_pl|Клерики
trp_pendorian_warpriest|Боевой жрец
trp_pendorian_warpriest_pl|Боевые жрецы
trp_pendorian_battle|Боевой брат
trp_pendorian_battle_pl|Боевые братья
trp_pendorian_righteous|Инквизитор
trp_pendorian_righteous_pl|Инквизиторы
trp_looter|Грабитель
trp_looter_pl|Грабители
trp_looter2|Грабитель
trp_looter2_pl|Грабители
trp_bandit|Бандит
trp_bandit_pl|Бандиты
trp_assassin_3_7|Наемный убийца
trp_assassin_3_7_pl|Наемные убийцы
trp_brigand|Разбойник
trp_brigand_pl|Разбойники
trp_forest_bandit|Лесной бандит
trp_forest_bandit_pl|Лесные бандиты
trp_steppe_bandit|Налетчик Д'Шар
trp_steppe_bandit_pl|Налетчики Д'Шар
trp_dshar_chieftain|Атаман разбойников Д'Шар
trp_dshar_chieftain_pl|Атаманы разбойников Д'Шар
trp_outlaw_leader|Отъявленный разбойник
trp_outlaw_leader_pl|Отъявленные разбойники
trp_dshar_deathwind|Саваран Гибельного Ветра Д'Шар
trp_dshar_deathwind_pl|Савараны Гибельного Ветра Д'Шар
trp_sea_raider|Налетчик Ванскерри
trp_sea_raider_pl|Налетчики Ванскерри
trp_vanskerry_warrior|Воин Ванскерри
trp_vanskerry_warrior_pl|Воины Ванскерри
trp_vanskerry_jarl|Ярл Ванскерри
trp_vanskerry_jarl_pl|Ярлы Ванскерри
trp_37_arsonist|Убийца-поджигатель
trp_37_arsonist_pl|Убийцы-поджигатели
trp_knight_2_7_duel|Герцог Стефан
trp_knight_2_7_duel_pl|Стефан
trp_mountain_bandit|Налетчик Мглистых гор
trp_mountain_bandit_pl|Налетчики Мглистых гор
trp_myst_warrior|Воин Мглистых гор
trp_myst_warrior_pl|Воины Мглистых гор
trp_myst_shaman|Шаман Мглистых гор
trp_myst_shaman_pl|Шаманы Мглистых гор
trp_bearclaw_berserker|Берсеркер Медвежьего Когтя
trp_bearclaw_berserker_pl|Берсеркеры Медвежьего Когтя
trp_manhunter|Новобранец ополчения
trp_manhunter_pl|Новобранцы ополчения
trp_slave_driver|Городской ополченец
trp_slave_driver_pl|Городские ополченцы
trp_slave_crusher|Смотритель
trp_slave_crusher_pl|Смотрители
trp_slaver_chief|Шериф
trp_slaver_chief_pl|Шерифы
trp_militia_ranger|Рейнджер
trp_militia_ranger_pl|Рейнджеры
trp_peasant_woman|Крестьянка
trp_peasant_woman_pl|Крестьянки
trp_vanskery_agnus_freebooters|Флибустьер королевы Агнус
trp_vanskery_agnus_freebooters_pl|Флибустьеры королевы Агнус
trp_fighter_woman|Воительница
trp_fighter_woman_pl|Воительницы
trp_sword_sister|Разведчица
trp_sword_sister_pl|Разведчицы
trp_maiden_cavalry|Кавалеристка
trp_maiden_cavalry_pl|Кавалеристки
trp_maiden_adventurer|Искательница приключений
trp_maiden_adventurer_pl|Искательницы приключений
trp_heroine_adventurer|Странствующая героиня
trp_heroine_adventurer_pl|Странствующие героини
trp_hero_adventurer|Странствующий герой
trp_hero_adventurer_pl|Странствующие герои
trp_young_foreign|Искатель приключений из Д'Шар
trp_young_foreign_pl|Искатели приключений из Д'Шар
trp_young_western|Искатель приключений из Фирдсвейна
trp_young_western_pl|Искатели приключений из Фирдсвейна
trp_young_northern|Искатель приключений из Равенстерна
trp_young_northern_pl|Искатели приключений из Равенстерна
trp_young_eastern|Искатель приключений из Сарлеона
trp_young_eastern_pl|Искатели приключений из Сарлеона
trp_young_southern|Искатель приключений из Баккуса
trp_young_southern_pl|Искатели приключений из Баккуса
trp_squire_foreign|Сквайр-отступник из Д'Шар
trp_squire_foreign_pl|Сквайры-отступники из Д'Шар
trp_squire_western|Сквайр-отступник из Фирдсвейна
trp_squire_western_pl|Сквайры-отступники из Фирдсвейна
trp_squire_northern|Сквайр-отступник из Равенстерна
trp_squire_northern_pl|Сквайры-отступники из Равенстерна
trp_squire_eastern|Сквайр-отступник из Сарлеона
trp_squire_eastern_pl|Сквайры-отступники из Сарлеона
trp_squire_southern|Сквайр-отступник из Баккуса
trp_squire_southern_pl|Сквайры-отступники из Баккуса
trp_knight_foreign|Рыцарь-отступник из Д'Шар
trp_knight_foreign_pl|Рыцари-отступники из Д'Шар
trp_knight_western|Рыцарь-отступник из Фирдсвейна
trp_knight_western_pl|Рыцари-отступники из Фирдсвейна
trp_knight_northern|Рыцарь-отступник из Равенстерна
trp_knight_northern_pl|Рыцари-отступники из Равенстерна
trp_knight_eastern|Рыцарь-отступник из Сарлеона
trp_knight_eastern_pl|Рыцари-отступники из Сарлеона
trp_knight_southern|Рыцарь-отступник из Баккуса
trp_knight_southern_pl|Рыцари-отступники из Баккуса
trp_rogue_squire|Сквайр-разбойник 
trp_rogue_squire_pl|Сквайры-разбойники
trp_rogue_knight|Рыцарь-разбойник
trp_rogue_knight_pl|Рыцари-разбойники
trp_noldor_ranger|Нолдор-рейнджер
trp_noldor_ranger_pl|Нолдоры-рейнджеры
trp_noldor_hunter|Нолдор-охотник
trp_noldor_hunter_pl|Нолдоры-охотники
trp_noldor_warrior|Нолдор-воин
trp_noldor_warrior_pl|Нолдоры-воины
trp_noldor_maiden|Дева-рейнджер нолдоров
trp_noldor_maiden_pl|Девы-рейнджеры нолдоров
trp_noldor_noble|Высокородный нолдор
trp_noldor_noble_pl|Высокородные нолдоры
trp_noldor_knight|Сумеречный рыцарь-нолдор
trp_noldor_knight_pl|Сумеречные рыцари-нолдоры
trp_noldor_troop_for_shop|Нолдорские войска на продажу
trp_noldor_troop_for_shop_pl|Нолдорские войска на продажу
trp_jatu_raider|Налетчик Джату
trp_jatu_raider_pl|Налетчики Джату
trp_jatu_lancer|Улан Джату
trp_jatu_lancer_pl|Уланы Джату
trp_jatu_battlerider|Боевой всадник Джату
trp_jatu_battlerider_pl|Боевые всадники Джату
trp_jatu_warlord|Военачальник Джату
trp_jatu_warlord_pl|Военачальники Джату
trp_snake_follower|Последователь культа Змеи
trp_snake_follower_pl|Последователи культа Змеи
trp_snake_armsman|Воин культа Змеи
trp_snake_armsman_pl|Воины культа Змеи
trp_cobra_warrior|Воин Кобры
trp_cobra_warrior_pl|Воины Кобры
trp_anaconda_knight|Рыцарь Анаконды
trp_anaconda_knight_pl|Рыцари Анаконды
trp_snake_priestess|Змеиная жрица
trp_snake_priestess_pl|Змеиные жрицы
trp_asp_vanguard|Лидер Аспидов
trp_asp_vanguard_pl|Лидер Аспидов
trp_mett_infantry|Меттенхаймский пехотинец
trp_mett_infantry_pl|Меттенхаймские пехотинцы
trp_mett_crossbow|Меттенхаймский арбалетчик
trp_mett_crossbow_pl|Меттенхаймские арбалетчики
trp_mett_heavy_crossbow|Меттенхаймский тяжелый арбалетчик
trp_mett_heavy_crossbow_pl|Меттенхаймские тяжелые арбалетчики
trp_mett_greatsword|Меттенхаймский мечник
trp_mett_greatsword_pl|Меттенхаймские мечники
trp_mett_hauptmann|Меттенхаймский капитан
trp_mett_hauptmann_pl|Меттенхаймские капитаны
trp_mett_forlorn|Меттенхаймский Обреченный
trp_mett_forlorn_pl|Меттенхаймские Обреченные
trp_veccavi_kral|Виккавийский крал-страж
trp_veccavi_kral_pl|Виккавийские крал-стражи
trp_veccavi_krom|Виккавийский кром-страж
trp_veccavi_krom_pl|Виккавийские кром-стражи
trp_veccavi_archer|Виккавийская королевская лучница
trp_veccavi_archer_pl|Виккавийские королевские лучницы
trp_veccavi_horse|Виккавийская всадница
trp_veccavi_horse_pl|Виккавийские всадницы
trp_veccavi_knight|Виккавийская дева-рыцарь
trp_veccavi_knight_pl|Виккавийские девы-рыцари
trp_veccavi_queen_guard|Виккавийский королевский гвардеец
trp_veccavi_queen_guard_pl|Виккавийские королевские гвардейцы
trp_red_fletcher_renegade|Лучник Красной стрелы
trp_red_fletcher_renegade_pl|Лучники Красной стрелы
trp_boar_knight_renegade|Рыцарь-изгой Вепря
trp_boar_knight_renegade_pl|Рыцари-изгои Вепря
trp_owl_knight_renegade|Рыцарь-изгой Совы
trp_owl_knight_renegade_pl|Рыцари-изгои Совы
trp_barclay_footman|Барклайский тяжелый пехотинец
trp_barclay_footman_pl|Барклайские тяжелые пехотинцы
trp_barclay_sapper|Барклайский сапер
trp_barclay_sapper_pl|Барклайские саперы
trp_barclay_sapper_adv|Аркебузир Барклая
trp_barclay_sapper_adv_pl|Аркебузир Барклая
trp_barclay_lancer|Барклайский улан
trp_barclay_lancer_pl|Барклайские уланы
trp_barclay_knight|Барклайский конкистадор
trp_barclay_knight_pl|Барклайские конкистадоры
trp_singalian_horseman|Сингалийский всадник
trp_singalian_horseman_pl|Сингалийские всадники
trp_singalian_temptress|Сингалийская соблазнительница
trp_singalian_temptress_pl|Сингалийские соблазнительницы
trp_hero_burilgi|Берилджи Узурпатор
trp_hero_burilgi_pl|Берилджи Узурпатор
trp_hero_oswald|Освальд де Флер
trp_hero_oswald_pl|Освальд де Флер
trp_hero_meregan|Мереган Кирлик
trp_hero_meregan_pl|Мереган Кирлик
trp_hero_kodan|Кодан Железный Меч
trp_hero_kodan_pl|Кодан Железный Меч
trp_hero_syla|Сила Узас
trp_hero_syla_pl|Сила Узас
trp_hero_shalavan|Шейх Шалаван
trp_hero_shalavan_pl|Шейх Шалаван
trp_hero_boris|Сэр Борис-Ворон
trp_hero_boris_pl|Сэр Борис-Ворон
trp_hero_alaric|Аларик фон Сенсация
trp_hero_alaric_pl|Аларик фон Сенсация
trp_hero_wolfbode|Волк-Предвестник-Убийца
trp_hero_wolfbode_pl|Волк-Предвестник-Убийца
trp_hero_maltise|Малтис
trp_hero_maltise_pl|Малтис
trp_hero_kjuda|К'Джуда Разрушитель
trp_hero_kjuda_pl|К'Джуда Разрушитель
trp_hero_zulkar|Военачальник Зулкар
trp_hero_zulkar_pl|Военачальник Зулкар
trp_hero_aeldarian|Аелдариан
trp_hero_aeldarian_pl|Аелдариан
trp_hero_ithilrandir|Изилрандир
trp_hero_ithilrandir_pl|Изилрандир
trp_hero_heynrich|Генрих Обрист
trp_hero_heynrich_pl|Генрих
trp_hero_verante|Веранте Круус
trp_hero_verante_pl|Веранте
trp_hero_rufio|Руфио Винченте де Вильявисьосиа
trp_hero_rufio_pl|Руфио
trp_hero_kaspax|Себастократор Каспакс
trp_hero_kaspax_pl|Каспакс
trp_hero_rasmus|Святой инквизитор Расмус Деватич
trp_hero_rasmus_pl|Расмус Деватич
trp_omen_seeker|Ищущая знамения
trp_omen_seeker_pl|Ищущие знамения
trp_iron_circle_centurian|Центурион Железного Круга
trp_iron_circle_centurian_pl|Центурионы Железного Круга
trp_wolfbode_guard|Почетный страж Волка-Предвестника
trp_wolfbode_guard_pl|Почетные стражи Волка-Предвестника
trp_kjuda_kajahar|Каджахар К'Джуды
trp_kjuda_kajahar_pl|Каджахары К'Джуды
trp_zulkar_guard|Зловещий всадник Зулкара
trp_zulkar_guard_pl|Зловещие всадники Зулкара
trp_seer_initiate|Провидица-неофит
trp_seer_initiate_pl|Провидицы-неофиты
trp_seer_favorite|Провидица-фаворитка
trp_seer_favorite_pl|Провидицы-фаворитки
trp_doomguide|Ведущая к Гибели
trp_doomguide_pl|Ведущие к Гибели
trp_seeress|Пророчица
trp_seeress_pl|Пророчицы
trp_dragon_knight|Рыцарь Дракона
trp_dragon_knight_pl|Рыцари Дракона
trp_lion_knight|Рыцарь Льва
trp_lion_knight_pl|Рыцари Льва
trp_empire_immortal|Бессмертный Империи
trp_empire_immortal_pl|Бессмертные Империи
trp_dshar_windrider|Наездник Ветра Д'Шар
trp_dshar_windrider_pl|Наездники Ветра Д'Шар
trp_lady_valkyrie|Леди Валькирия
trp_lady_valkyrie_pl|Леди Валькирии
trp_griffon_knight|Рыцарь Грифона
trp_griffon_knight_pl|Рыцари Грифона
trp_falcon_knight|Рыцарь Сокола
trp_falcon_knight_pl|Рыцари Сокола
trp_raven_spear_knight|Рыцарь Вороного Копья
trp_raven_spear_knight_pl|Рыцари Вороного Копья
trp_radiant_cross_knight|Рыцарь Сияющего Креста
trp_radiant_cross_knight_pl|Рыцари Сияющего Креста
trp_clarion_ranger|Рейнджер Звонкого Призыва
trp_clarion_ranger_pl|Рейнджеры Звонкого Призыва
trp_dawn_knight|Рыцарь Рассвета
trp_dawn_knight_pl|Рыцари Рассвета
trp_ebony_gauntlet|Рыцарь Эбеновой Перчатки
trp_ebony_gauntlet_pl|Рыцари Эбеновой Перчатки
trp_shadow_centurion|Центурион Теневого Легиона
trp_shadow_centurion_pl|Центурионы Теневого Легиона
trp_silvermist_ranger|Рейнджер Серебряного Тумана
trp_silvermist_ranger_pl|Рейнджеры Серебряного Тумана
trp_eventide_knight|Рыцарь Заката
trp_eventide_knight_pl|Рыцари Заката
trp_phoenix_knight|Рыцарь Феникса
trp_phoenix_knight_pl|Рыцари Феникса
trp_shadowwolves_knight|Волк Тени
trp_shadowwolves_knight_pl|Волки Тени
trp_scorpion_assassin_knight|Скорпион Ассасин
trp_scorpion_assassin_knight_pl|Скорпионы Ассасины
trp_kraken_knight|Рыцарь Кракена
trp_kraken_knight_pl|Рыцарь Кракена
trp_player_knight|Рыцарь
trp_player_knight_pl|Рыцари
trp_zombie|Пожранный
trp_zombie_pl|Пожранные
trp_dread_infantry|Пехотинец Легиона Страха
trp_dread_infantry_pl|Пехотинцы Легиона Страха
trp_hero_eyegrim|Айгрим Пожиратель
trp_hero_eyegrim_pl|Айгрим Пожиратель
trp_fallen|Павший
trp_fallen_pl|Павшие
trp_fallen_footman|Павший пехотинец
trp_fallen_footman_pl|Павшие пехотинцы
trp_fallen_veteran|Павший ветеран
trp_fallen_veteran_pl|Павшие ветераны
trp_fallen_warrior|Павший воин
trp_fallen_warrior_pl|Павшие воины
trp_fallen_revenant|Ревенант
trp_fallen_revenant_pl|Ревенанты
trp_bloodsworn_witch|Ведьма Кровавой Клятвы
trp_bloodsworn_witch_pl|Ведьмы Кровавой Клятвы
trp_poss_doomguide|Одержимая Ведущая к Гибели
trp_poss_doomguide_pl|Одержимые Ведущие к Гибели
trp_azi_dahaka_cav|Падший мелитайнский дворянин
trp_azi_dahaka_cav_pl|Падшие мелитайнские дворяне
trp_azi_dahaka_priestess|Змеиная жрица Ази-Дахаки
trp_azi_dahaka_priestess_pl|Змеиные жрицы Ази-Дахаки
trp_heretic_minion|Миньон Еретиков
trp_heretic_minion_pl|Миньоны Еретиков
trp_heretic_worshipper|Поклонник Еретиков
trp_heretic_worshipper_pl|Поклонники Еретиков
trp_heretic_magnus|Магнус Еретиков
trp_heretic_magnus_pl|Магнусы Еретиков
trp_heretic_invoker|Заклинатель Еретиков
trp_heretic_invoker_pl|Заклинатели Еретиков
trp_demonic_magnus|Демонический Магнус
trp_demonic_magnus_pl|Демонические Магнусы
trp_refugee|Беженец
trp_refugee_pl|Беженцы
trp_sarleon_lady_in_waiting|Фрейлина из Сарлеона
trp_sarleon_lady_in_waiting_pl|Фрейлины из Сарлеона
trp_dshar_lady_in_waiting|Фрейлина из Д'Шар
trp_dshar_lady_in_waiting_pl|Фрейлины из Д'Шар
trp_ravenstern_lady_in_waiting|Фрейлина из Равенстерна
trp_ravenstern_lady_in_waiting_pl|Фрейлины из Равенстерна
trp_fierd_lady_in_waiting|Фрейлина из Фирдсвейна
trp_fierd_lady_in_waiting_pl|Фрейлины из Фирдсвейна
trp_empire_lady_in_waiting|Фрейлина из Империи Баккус
trp_empire_lady_in_waiting_pl|Фрейлины из Империи Баккус
trp_caravan_master|Владелец торгового каравана
trp_caravan_master_pl|Владельцы торговых караванов
trp_kidnapped_girl|Похищенная девушка
trp_kidnapped_girl_pl|Похищенные девушки
trp_kidnapped_daughter|Дочь старосты
trp_kidnapped_daughter_pl|Дочь старосты
trp_heretic_leader|Первосвященник Еретиков
trp_heretic_leader_pl|Первосвященники Еретиков
trp_myst_leader|Вождь клана Мглистых гор
trp_myst_leader_pl|Вожди кланов Мглистых гор
trp_singal_leader|Видона сингалийцев
trp_singal_leader_pl|Видоны сингалийцев
trp_vanskerry_leader|Боевой лидер Ванскерри
trp_vanskerry_leader_pl|Боевые лидеры Ванскерри
trp_snake_leader|Предводительница культа Змеи
trp_snake_leader_pl|Предводительницы культа Змеи
trp_bandit_leaders_end|bandit leaders end
trp_bandit_leaders_end_pl|bandit leaders end
trp_heretic_lair_leader|Первосвященник Еретиков
trp_heretic_lair_leader_pl|Первосвященники Еретиков
trp_myst_lair_leader|Глава налетчиков Мглистых гор
trp_myst_lair_leader_pl|Предводители налетчиков Мглистых гор
trp_singal_lair_leader|Видона сингалийцев
trp_singal_lair_leader_pl|Видоны сингалийцев
trp_vanskerry_lair_leader|Вождь Ванскерри
trp_vanskerry_lair_leader_pl|Вожди Ванскерри
trp_snake_lair_leader|Предводительница культа Змеи
trp_snake_lair_leader_pl|Предводительницы культа Змеи
trp_dragon_drake|Дрэйк Дракона
trp_dragon_drake_pl|Дрэйки Дракона
trp_lion_squire|Оруженосец Льва
trp_lion_squire_pl|Оруженосцы Льва
trp_empire_mortal|Смертный Империи
trp_empire_mortal_pl|Смертные Империи
trp_dshar_dustrider|Наездник Бури Д'Шар
trp_dshar_dustrider_pl|Наездники Бури Д'Шар
trp_lady_einherjar|Леди Эйнхерия
trp_lady_einherjar_pl|Леди Эйнхерии
trp_griffon_retainer|Хранитель Грифона
trp_griffon_retainer_pl|Хранители Грифона
trp_falcon_talon|Коготь Сокола
trp_falcon_talon_pl|Когти Сокола
trp_raven_spear_raven|Наемник Вороного Копья
trp_raven_spear_raven_pl|Наемник Вороного Копья
trp_radiant_cross_attendant|Служитель Сияющего Креста
trp_radiant_cross_attendant_pl|Служители Сияющего Креста
trp_clarion_warden|Ларийский всадник
trp_clarion_warden_pl|Ларийские всадники
trp_dawn_wyvern|Виверн Рассвета
trp_dawn_wyvern_pl|Виверны Рассвета
trp_ebony_hammer|Молот Эбеновой Перчатки
trp_ebony_hammer_pl|Молоты Эбеновой Перчатки
trp_shadow_marinus|Морской пехотинец Теневого Легиона
trp_shadow_marinus_pl|Морские пехотинцы Теневого Легиона
trp_silvermist_halberdier|Алебардщик Серебряного Тумана
trp_silvermist_halberdier_pl|Алебардщики Серебряного Тумана
trp_eventide_ghilman|Гулям Заката
trp_eventide_ghilman_pl|Гулямы Заката
trp_phoenix_squire|Восставший Феникса
trp_phoenix_squire_pl|Восставшие Феникса
trp_wolf_squire|Охотник Тени
trp_wolf_squire_pl|Охотники Тени
trp_scorpion_squire|Послушник Скорпионов
trp_scorpion_squire_pl|Послушники Скорпионов
trp_kraken_squire|Сестра Шторма
trp_kraken_squire_pl|Сестра Шторма
trp_player_sergeant|Сержант
trp_player_sergeant_pl|Сержанты
trp_maiden_noble|Благородная воительница
trp_maiden_noble_pl|Благородные воительницы
trp_unicorn_knight|Рыцарь Единорога
trp_unicorn_knight_pl|Рыцари Единорога
trp_snowlion_noble|Дворянин Снежных Львов
trp_snowlion_noble_pl|Дворяне Снежных Львов
trp_snowlion_lancer|Улан Снежных Львов
trp_snowlion_lancer_pl|Уланы Снежных Львов
trp_snowlion_footman|Пехотинец Снежных Львов
trp_snowlion_footman_pl|Пехотинцы Снежных Львов
trp_snowlion_longbowman|Лучник Снежных Львов
trp_snowlion_longbowman_pl|Лучники Снежных Львов
trp_mett_spieszknecht|Меттенхаймский пикинер
trp_mett_spieszknecht_pl|Меттенхаймские пикинеры
trp_veccavi_uncut|Виккавийский Нетронутый
trp_veccavi_uncut_pl|Виккавийские Нетронутые
trp_melitine_archer|Мелитайнский стрелок
trp_melitine_archer_pl|Мелитайнские стрелки
trp_melitine_infantry|Мелитайнский пехотинец
trp_melitine_infantry_pl|Мелитайнские пехотинцы
trp_melitine_shock_infantry|Мелитайнский имперский гвардеец
trp_melitine_shock_infantry_pl|Мелитайнские имперские гвардейцы
trp_melitine_lancer|Мелитайнский улан
trp_melitine_lancer_pl|Мелитайнские уланы
trp_melitine_horse_archer|Мелитайнский тяжелый конный стрелок
trp_melitine_horse_archer_pl|Мелитайнские тяжелые конные стрелки
trp_melitine_cataphract|Мелитайнский катафрактарий
trp_melitine_cataphract_pl|Мелитайнские катафрактарии
trp_custom_knight_1|Младший рыцарь ордена
trp_custom_knight_1_pl|Младшие рыцари ордена
trp_custom_knight_2|Младший рыцарь ордена
trp_custom_knight_2_pl|Младшие рыцари ордена
trp_custom_knight_3|Младший рыцарь ордена
trp_custom_knight_3_pl|Младшие рыцари ордена
trp_custom_knight_4|Младший рыцарь ордена
trp_custom_knight_4_pl|Младшие рыцари ордена
trp_custom_knight_5|Младший рыцарь ордена
trp_custom_knight_5_pl|Младшие рыцари ордена
trp_custom_knight_6|Младший рыцарь ордена
trp_custom_knight_6_pl|Младшие рыцари ордена
trp_custom_knight_7|Младший рыцарь ордена
trp_custom_knight_7_pl|Младшие рыцари ордена
trp_town_walker_1|Горожанин
trp_town_walker_1_pl|Горожане
trp_town_walker_2|Горожанка
trp_town_walker_2_pl|Горожанки
trp_town_walker_rav_1|Горожанин
trp_town_walker_rav_1_pl|Горожане
trp_town_walker_rav_2|Горожанин
trp_town_walker_rav_2_pl|Горожане
trp_khergit_townsman|Горожанин
trp_khergit_townsman_pl|Горожане
trp_khergit_townswoman|Горожанка
trp_khergit_townswoman_pl|Горожанки
trp_town_walker_fier_1|Горожанин
trp_town_walker_fier_1_pl|Горожане
trp_town_walker_fier_2|Горожанка
trp_town_walker_fier_2_pl|Горожанки
trp_town_walker_emp_1|Горожанин
trp_town_walker_emp_1_pl|Горожане
trp_town_walker_emp_2|Горожанка
trp_town_walker_emp_2_pl|Горожанки
trp_village_walker_1|Селянин
trp_village_walker_1_pl|Селяне
trp_village_walker_2|Селянка
trp_village_walker_2_pl|Селянки
trp_village_walker_rav_1|Селянин
trp_village_walker_rav_1_pl|Селяне
trp_village_walker_rav_2|Селянка
trp_village_walker_rav_2_pl|Селянки
trp_village_walker_dshar_1|Селянин
trp_village_walker_dshar_1_pl|Селяне
trp_village_walker_dshar_2|Селянка
trp_village_walker_dshar_2_pl|Селянки
trp_village_walker_fier_1|Селянин
trp_village_walker_fier_1_pl|Селяне
trp_village_walker_fier_2|Селянка
trp_village_walker_fier_2_pl|Селянки
trp_village_walker_emp_1|Селянин
trp_village_walker_emp_1_pl|Селяне
trp_village_walker_emp_2|Селянка
trp_village_walker_emp_2_pl|Селянки
trp_spy_walker_1|Горожанин
trp_spy_walker_1_pl|Горожане
trp_spy_walker_2|Горожанка
trp_spy_walker_2_pl|Горожанки
trp_ramun_the_slave_trader|Работорговец Рамун
trp_ramun_the_slave_trader_pl|Работорговец Рамун
trp_guide|Быстрый Джимми
trp_guide_pl|Быстрый Джимми
trp_musician_male|Музыкант
trp_musician_male_pl|Музыканты
trp_musician_female|Музыкант
trp_musician_female_pl|Музыканты
trp_musician_male_rav|Музыкант
trp_musician_male_rav_pl|Музыканты
trp_musician_female_rav|Музыкант
trp_musician_female_rav_pl|Музыканты
trp_musician_male_dshar|Музыкант
trp_musician_male_dshar_pl|Музыканты
trp_musician_female_dshar|Музыкант
trp_musician_female_dshar_pl|Музыканты
trp_musician_male_fier|Музыкант
trp_musician_male_fier_pl|Музыканты
trp_musician_female_fier|Музыкант
trp_musician_female_fier_pl|Музыканты
trp_musician_male_emp|Музыкант
trp_musician_male_emp_pl|Музыканты
trp_musician_female_emp|Музыкант
trp_musician_female_emp_pl|Музыканты
trp_musicians_end|musicians end
trp_musicians_end_pl|musicians end
trp_xerina|Везмора
trp_xerina_pl|Везмора
trp_dranton|Дрэнтон
trp_dranton_pl|Дрэнтон
trp_kradus|Крадус
trp_kradus_pl|Крадус
trp_tutorial_trainer|Начальник лагеря
trp_tutorial_trainer_pl|Начальник лагеря
trp_galeas|Галеас
trp_galeas_pl|Галеас
trp_farmer_from_bandit_village|Крестьянин
trp_farmer_from_bandit_village_pl|Крестьяне
trp_trainer_1|Тренер
trp_trainer_1_pl|Тренер
trp_trainer_2|Тренер
trp_trainer_2_pl|Тренер
trp_trainer_3|Тренер
trp_trainer_3_pl|Тренер
trp_trainer_4|Тренер
trp_trainer_4_pl|Тренер
trp_trainer_5|Тренер
trp_trainer_5_pl|Тренер
trp_ransom_broker_1|Ирис Лотос
trp_ransom_broker_1_pl|Посредники
trp_ransom_broker_2|Торван
trp_ransom_broker_2_pl|Посредники
trp_ransom_broker_3|Ордис
trp_ransom_broker_3_pl|Посредники
trp_ransom_broker_4|Ришард
trp_ransom_broker_4_pl|Посредники
trp_ransom_broker_5|Кравулд
trp_ransom_broker_5_pl|Посредники
trp_ransom_broker_6|Клея Быстрая
trp_ransom_broker_6_pl|Посредники
trp_ransom_broker_7|Джавен Лезвие
trp_ransom_broker_7_pl|Посредники
trp_ransom_broker_8|Сифт Лунная тень
trp_ransom_broker_8_pl|Посредники
trp_ransom_broker_9|Толстяк Борджи
trp_ransom_broker_9_pl|Посредники
trp_ransom_broker_10|Харманд
trp_ransom_broker_10_pl|Посредники
trp_tavern_traveler_1|Эрикс
trp_tavern_traveler_1_pl|Путешественники
trp_tavern_traveler_2|Эмала
trp_tavern_traveler_2_pl|Путешественники
trp_tavern_traveler_3|Грейдан
trp_tavern_traveler_3_pl|Путешественники
trp_tavern_traveler_4|Бард Хавадар
trp_tavern_traveler_4_pl|Путешественники
trp_tavern_traveler_5|Сестра Мора
trp_tavern_traveler_5_pl|Путешественники
trp_tavern_traveler_6|Джеран Долговязый
trp_tavern_traveler_6_pl|Путешественники
trp_tavern_traveler_7|Майсон Вейл
trp_tavern_traveler_7_pl|Путешественники
trp_tavern_traveler_8|Кларисса из Пента
trp_tavern_traveler_8_pl|Путешественники
trp_tavern_traveler_9|Корум из Брея
trp_tavern_traveler_9_pl|Путешественники
trp_tavern_traveler_10|Странник Эштон
trp_tavern_traveler_10_pl|Путешественники
trp_tavern_bookseller_1|Финнеас де Дигит
trp_tavern_bookseller_1_pl|Продавец книг
trp_tavern_bookseller_2|Брат Рандалф
trp_tavern_bookseller_2_pl|Продавец книг
trp_tavern_bookseller_3|Писец Ворадор
trp_tavern_bookseller_3_pl|Торговец книгами 
trp_tavern_minstrel_1|Джаманд
trp_tavern_minstrel_1_pl|Менестрели
trp_tavern_minstrel_2|Бард Кристофер
trp_tavern_minstrel_2_pl|Менестрели
trp_tavern_minstrel_3|Ашуг Каладан
trp_tavern_minstrel_3_pl|Менестрели
trp_tavern_minstrel_4|Скальд Свенджен
trp_tavern_minstrel_4_pl|Менестрели
trp_tavern_minstrel_5|Вильям
trp_tavern_minstrel_5_pl|Менестрели
trp_kingdom_heroes_including_player_begin|Список королевских героев, включая игрока
trp_kingdom_heroes_including_player_begin_pl|Список королевских героев, включая игрока
trp_npc_adonja|Адонжа
trp_npc_adonja_pl|Адонжа
trp_npc_leslie|Лесли
trp_npc_leslie_pl|Лесли
trp_npc_ansen|Ансен
trp_npc_ansen_pl|Ансен
trp_npc_riva|Рива
trp_npc_riva_pl|Рива
trp_npc_kassim|Кассим
trp_npc_kassim_pl|Кассим
trp_npc_lethaldiran|Леталдиран
trp_npc_lethaldiran_pl|Леталдиран
trp_npc_jocelyn|Сэр Джоселин
trp_npc_jocelyn_pl|Джоселин
trp_npc_alistair|Сэр Алистер
trp_npc_alistair_pl|Алистер
trp_npc_rayne|Сэр Рейн
trp_npc_rayne_pl|Рейн
trp_npc_julia|Юлия
trp_npc_julia_pl|Юлия
trp_npc_frederick|Фредерик из Меттенхайма
trp_npc_frederick_pl|Фредерик
trp_npc_ediz|Эдиз
trp_npc_ediz_pl|Эдиз
trp_npc_sara|Сара Лиса
trp_npc_sara_pl|Сара
trp_npc_donavan|Донаван
trp_npc_donavan_pl|Донаван
trp_npc_diev|Див Воденссен
trp_npc_diev_pl|Див
trp_npc_alyssa|Алисса
trp_npc_alyssa_pl|Алисса
trp_npc_roland|Сэр Роланд
trp_npc_roland_pl|Роланд
trp_npc_kaverra|Каверра
trp_npc_kaverra_pl|Каверра
trp_npc_sigismund|Сигизмунд Синклер
trp_npc_sigismund_pl|Сигизмунд
trp_npc_boadice|Боадис
trp_npc_boadice_pl|Боадис
trp_kingdom_1_lord|Король Ульрик
trp_kingdom_1_lord_pl|Ульрик
trp_kingdom_2_lord|Король Грегори IV
trp_kingdom_2_lord_pl|Грегори
trp_kingdom_3_lord|Кадан Бахадур Хан
trp_kingdom_3_lord_pl|Кадан
trp_kingdom_4_lord|Конунг Валдис
trp_kingdom_4_lord_pl|Валдис
trp_kingdom_5_lord|Император Мариус
trp_kingdom_5_lord_pl|Мариус
trp_knight_1_1|Герцог Аламар
trp_knight_1_1_pl|Аламар
trp_knight_1_2|Герцог Элфин
trp_knight_1_2_pl|Элфин
trp_knight_1_3|Герцог Бреннус
trp_knight_1_3_pl|Бреннус
trp_knight_1_4|Барон Альфрид
trp_knight_1_4_pl|Альфрид
trp_knight_1_5|Барон Кадерн
trp_knight_1_5_pl|Кадерн
trp_knight_1_6|Барон Элдред
trp_knight_1_6_pl|Элдред
trp_knight_1_7|Барон Годрик
trp_knight_1_7_pl|Годрик
trp_knight_1_8|Барон Хервард
trp_knight_1_8_pl|Хервард
trp_knight_1_9|Барон Чарльз
trp_knight_1_9_pl|Чарльз
trp_knight_1_10|Барон Леофрик
trp_knight_1_10_pl|Леофрик
trp_knight_1_11|Барон Леофин
trp_knight_1_11_pl|Леофин
trp_knight_1_12|Барон Гайдон
trp_knight_1_12_pl|Гайдон
trp_knight_1_13|Лорд Фоучир
trp_knight_1_13_pl|Фоучир
trp_knight_1_14|Лорд Фосард
trp_knight_1_14_pl|Фосард
trp_knight_1_15|Лорд Малберт
trp_knight_1_15_pl|Малберт
trp_knight_1_16|Лорд Отон
trp_knight_1_16_pl|Отон
trp_knight_1_17|Лорд Монтевар
trp_knight_1_17_pl|Монтевар
trp_knight_1_18|Лорд Ренир
trp_knight_1_18_pl|Ренир
trp_knight_1_19|Лорд Андре
trp_knight_1_19_pl|Андре
trp_knight_1_20|Лорд Эрик
trp_knight_1_20_pl|Эрик
trp_knight_2_1|Герцог Алдемар
trp_knight_2_1_pl|Алдемар
trp_knight_2_2|Герцог Адариан
trp_knight_2_2_pl|Адариан
trp_knight_2_3|Герцог Алексис
trp_knight_2_3_pl|Алексис
trp_knight_2_4|Граф Каролус
trp_knight_2_4_pl|Каролус
trp_knight_2_5|Граф Кловис
trp_knight_2_5_pl|Кловис
trp_knight_2_6|Граф Отто
trp_knight_2_6_pl|Отто
trp_knight_2_7|Граф Стефан
trp_knight_2_7_pl|Стефан
trp_knight_2_8|Граф Иванос
trp_knight_2_8_pl|Иванос
trp_knight_2_9|Граф Арнольд
trp_knight_2_9_pl|Арнольд
trp_knight_2_10|Граф Драко
trp_knight_2_10_pl|Драко
trp_knight_2_11|Граф Богдан
trp_knight_2_11_pl|Богдан
trp_knight_2_12|Граф Рабан
trp_knight_2_12_pl|Рабан
trp_knight_2_13|Лорд Одоакр
trp_knight_2_13_pl|Одоакр
trp_knight_2_14|Лорд Мармун
trp_knight_2_14_pl|Мармун
trp_knight_2_15|Лорд Густав
trp_knight_2_15_pl|Густав
trp_knight_2_16|Лорд Хенгист
trp_knight_2_16_pl|Хенгист
trp_knight_2_17|Лорд Конрад
trp_knight_2_17_pl|Конрад
trp_knight_2_18|Лорд Бургунд
trp_knight_2_18_pl|Бургунд
trp_knight_2_19|Лорд Фарамунд
trp_knight_2_19_pl|Фарамунд
trp_knight_2_20|Лорд Гаребот
trp_knight_2_20_pl|Гаребот
trp_knight_3_1|Калиф Хамид
trp_knight_3_1_pl|Хамид
trp_knight_3_2|Калиф Тахир
trp_knight_3_2_pl|Тахир
trp_knight_3_3|Калиф Бахман
trp_knight_3_3_pl|Бахман
trp_knight_3_4|Мансур Бей
trp_knight_3_4_pl|Мансур
trp_knight_3_5|Кингит Бей
trp_knight_3_5_pl|Кингит
trp_knight_3_6|Хаджа Наби Бей
trp_knight_3_6_pl|Хаджа Наби
trp_knight_3_7|Рафик Бей
trp_knight_3_7_pl|Рафик
trp_knight_3_8|Хан Кайван
trp_knight_3_8_pl|Кайван
trp_knight_3_9|Фаридар Хан
trp_knight_3_9_pl|Фаридар
trp_knight_3_10|Хан Каландар
trp_knight_3_10_pl|Каландар
trp_knight_3_11|Хан Фархад
trp_knight_3_11_pl|Фархад
trp_knight_3_12|Хан Джехандир
trp_knight_3_12_pl|Джехандир
trp_knight_3_13|Лорд Шаадай
trp_knight_3_13_pl|Шаадай
trp_knight_3_14|Хан Захир
trp_knight_3_14_pl|Захир
trp_knight_3_15|Лорд Икрам
trp_knight_3_15_pl|Икрам
trp_knight_3_16|Джандар Хан
trp_knight_3_16_pl|Джандар
trp_knight_3_17|Хаджи Куруш Хан
trp_knight_3_17_pl|Хаджи Куруш
trp_knight_3_18|Амин Джан Хан
trp_knight_3_18_pl|Амин Джан
trp_knight_3_19|Хан Ардашир
trp_knight_3_19_pl|Ардашир
trp_knight_3_20|Джамшид Хан
trp_knight_3_20_pl|Джамшид
trp_knight_4_1|Ярл Аедин Красный Меч
trp_knight_4_1_pl|Аедин Красный Меч
trp_knight_4_2|Ярл Сигизмунд Каменная Рука
trp_knight_4_2_pl|Сигизмунд Каменная Рука
trp_knight_4_3|Ярл Ари Двухбородый
trp_knight_4_3_pl|Ари Двухбородый
trp_knight_4_4|Ярл Адалстинн Золотой Зуб
trp_knight_4_4_pl|Адалстинн Золотой Зуб
trp_knight_4_5|Ярл Бъерн Шустрый
trp_knight_4_5_pl|Бъерн Шустрый
trp_knight_4_6|Ярл Эинкр Однорукий
trp_knight_4_6_pl|Эинкр Однорукий
trp_knight_4_7|Ярл Эидис Русый
trp_knight_4_7_pl|Эидис Русый
trp_knight_4_8|Ярл Гандер Отчаянный
trp_knight_4_8_pl|Гандер Отчаянный
trp_knight_4_9|Ярл Хакон Крепкий Щит
trp_knight_4_9_pl|Хакон Крепкий Щит
trp_knight_4_10|Ярл Талвор Чудной
trp_knight_4_10_pl|Талвор Чудной
trp_knight_4_11|Лорд Хрейвен Смелый
trp_knight_4_11_pl|Хрейвен Смелый
trp_knight_4_12|Лорд Ингвар Хромой
trp_knight_4_12_pl|Ингвар Хромой
trp_knight_4_13|Лорд Рагноборг Медведь
trp_knight_4_13_pl|Рагноборг Медведь
trp_knight_4_14|Лорд Сигрун Красный топор
trp_knight_4_14_pl|Сигрун Красный топор
trp_knight_4_15|Лорд Олаф Дубощит
trp_knight_4_15_pl|Олаф Дубощит
trp_knight_4_16|Лорд Вигдус Кровавый Меч
trp_knight_4_16_pl|Вигдус Кровавый Меч
trp_knight_4_17|Лорд Диригун Мореход
trp_knight_4_17_pl|Диригун Мореход
trp_knight_4_18|Лорд Хротгар Жирный
trp_knight_4_18_pl|Хротгар Жирный
trp_knight_4_19|Лорд Гундар Ледяное Сердце
trp_knight_4_19_pl|Гундар Ледяное Сердце
trp_knight_4_20|Лорд Инар Волосатые штаны
trp_knight_4_20_pl|Инар Волосатые штаны
trp_knight_5_1|Дюк Джустус
trp_knight_5_1_pl|Джустус
trp_knight_5_2|Дюк Кайрос
trp_knight_5_2_pl|Кайрос
trp_knight_5_3|Дюк Ливий
trp_knight_5_3_pl|Ливий
trp_knight_5_4|Легат Сидонис
trp_knight_5_4_pl|Сидонис
trp_knight_5_5|Легат Клеон
trp_knight_5_5_pl|Клеон
trp_knight_5_6|Легат Титус
trp_knight_5_6_pl|Титус
trp_knight_5_7|Легат Вариус
trp_knight_5_7_pl|Вариус
trp_knight_5_8|Легат Агатон
trp_knight_5_8_pl|Агатон
trp_knight_5_9|Легат Реймус
trp_knight_5_9_pl|Реймус
trp_knight_5_10|Легат Бинор
trp_knight_5_10_pl|Бинор
trp_knight_5_11|Лорд Брут
trp_knight_5_11_pl|Брут
trp_knight_5_12|Лорд Децимус
trp_knight_5_12_pl|Децимус
trp_knight_5_13|Лорд Алус
trp_knight_5_13_pl|Алус
trp_knight_5_14|Лорд Антоний
trp_knight_5_14_pl|Антоний
trp_knight_5_15|Лорд Фабий
trp_knight_5_15_pl|Фабий
trp_knight_5_16|Лорд Галлус
trp_knight_5_16_pl|Галлус
trp_knight_5_17|Лорд Дион
trp_knight_5_17_pl|Дион
trp_knight_5_18|Лорд Деодатус
trp_knight_5_18_pl|Деодатус
trp_knight_5_19|Лорд Кассий
trp_knight_5_19_pl|Кассий
trp_knight_5_20|Лорд Леониус
trp_knight_5_20_pl|Леониус
trp_kingdom_1_pretender|Сэр Дарлион Пендорский
trp_kingdom_1_pretender_pl|Дарлион
trp_kingdom_2_pretender|Мадам Урсула
trp_kingdom_2_pretender_pl|Урсула
trp_kingdom_3_pretender|Эмир Ксерксис
trp_kingdom_3_pretender_pl|Ксерксис
trp_kingdom_4_pretender|Ярл Инар Железная Рука
trp_kingdom_4_pretender_pl|Инар Железная Рука
trp_kingdom_5_pretender|Демосфен Огастес
trp_kingdom_5_pretender_pl|Демосфен Огастес
trp_knight_1_1_wife|Ошибка - нет в игре
trp_knight_1_1_wife_pl|Рыцарь 1 жены
trp_kingdom_1_lady_1|Леди Анна
trp_kingdom_1_lady_1_pl|Анна
trp_kingdom_1_lady_2|Леди Нельда
trp_kingdom_1_lady_2_pl|Нельда
trp_kingdom_1_lady_3|Леди Бела
trp_kingdom_1_lady_3_pl|Бела
trp_kingdom_1_lady_4|Леди Элина
trp_kingdom_1_lady_4_pl|Элина
trp_kingdom_l_lady_5|Леди Констанция
trp_kingdom_l_lady_5_pl|Констанция
trp_kingdom_1_lady_6|Леди Вера
trp_kingdom_1_lady_6_pl|Вера
trp_kingdom_1_lady_7|Леди Ауберина
trp_kingdom_1_lady_7_pl|Ауберина
trp_kingdom_1_lady_8|Леди Тибаль
trp_kingdom_1_lady_8_pl|Тибаль
trp_kingdom_1_lady_9|Леди Магар
trp_kingdom_1_lady_9_pl|Магар
trp_kingdom_1_lady_10|Леди Теодора
trp_kingdom_1_lady_10_pl|Теодора
trp_kingdom_1_lady_11|Леди Мелизара
trp_kingdom_1_lady_11_pl|Мелизара
trp_kingdom_1_lady_12|Леди Ирена
trp_kingdom_1_lady_12_pl|Ирена
trp_kingdom_l_lady_13|Леди Филенна
trp_kingdom_l_lady_13_pl|Филенна
trp_kingdom_1_lady_14|Леди Сонадель
trp_kingdom_1_lady_14_pl|Сонадель
trp_kingdom_1_lady_15|Леди Боадила
trp_kingdom_1_lady_15_pl|Боадила
trp_kingdom_1_lady_16|Леди Элис
trp_kingdom_1_lady_16_pl|Элис
trp_kingdom_1_lady_17|Леди Иоанна
trp_kingdom_1_lady_17_pl|Иоанна
trp_kingdom_1_lady_18|Леди Бернатис
trp_kingdom_1_lady_18_pl|Бернатис
trp_kingdom_1_lady_19|Леди Энриката
trp_kingdom_1_lady_19_pl|Энриката
trp_kingdom_1_lady_20|Леди Гаэта
trp_kingdom_1_lady_20_pl|Гаэта
trp_kingdom_2_lady_1|Леди Юнита
trp_kingdom_2_lady_1_pl|Юнита
trp_kingdom_2_lady_2|Леди Катерина
trp_kingdom_2_lady_2_pl|Катерина
trp_kingdom_2_lady_3|Леди Сеоми
trp_kingdom_2_lady_3_pl|Сеоми
trp_kingdom_2_lady_4|Леди Дрина
trp_kingdom_2_lady_4_pl|Дрина
trp_kingdom_2_lady_5|Леди Ниша
trp_kingdom_2_lady_5_pl|Ниша
trp_kingdom_2_lady_6|Леди Табита
trp_kingdom_2_lady_6_pl|Табита
trp_kingdom_2_lady_7|Леди Пилайка
trp_kingdom_2_lady_7_pl|Пилайка
trp_kingdom_2_lady_8|Леди Эрис
trp_kingdom_2_lady_8_pl|Эрис
trp_kingdom_2_lady_9|Леди Вайен
trp_kingdom_2_lady_9_pl|Вайен
trp_kingdom_2_lady_10|Леди Иоака
trp_kingdom_2_lady_10_pl|Иоака
trp_kingdom_2_lady_11|Леди Тизина
trp_kingdom_2_lady_11_pl|Тизина
trp_kingdom_2_lady_12|Леди Олексия
trp_kingdom_2_lady_12_pl|Олексия
trp_kingdom_2_lady_13|Леди Минфа
trp_kingdom_2_lady_13_pl|Минфа
trp_kingdom_2_lady_14|Леди Акилина
trp_kingdom_2_lady_14_pl|Акилина
trp_kingdom_2_lady_15|Леди Сипана
trp_kingdom_2_lady_15_pl|Сипана
trp_kingdom_2_lady_16|Леди Йарина
trp_kingdom_2_lady_16_pl|Йарина
trp_kingdom_2_lady_17|Леди Шихаван
trp_kingdom_2_lady_17_pl|Шихаван
trp_kingdom_2_lady_18|Леди Эрентина
trp_kingdom_2_lady_18_pl|Эрентина
trp_kingdom_2_lady_19|Леди Тамара
trp_kingdom_2_lady_19_pl|Тамара
trp_kingdom_2_lady_20|Леди Валентина
trp_kingdom_2_lady_20_pl|Валентина
trp_kingdom_3_lady_1|Леди Ферауз
trp_kingdom_3_lady_1_pl|Ферауз
trp_kingdom_3_lady_2|Леди Гамида
trp_kingdom_3_lady_2_pl|Гамида
trp_kingdom_3_lady_3|Леди Шанез
trp_kingdom_3_lady_3_pl|Шанез
trp_kingdom_3_lady_4|Леди Моравид
trp_kingdom_3_lady_4_pl|Моравид
trp_kingdom_3_lady_5|Леди Равина
trp_kingdom_3_lady_5_pl|Равина
trp_kingdom_3_lady_6|Леди Руха
trp_kingdom_3_lady_6_pl|Руха
trp_kingdom_3_lady_7|Леди Чедина
trp_kingdom_3_lady_7_pl|Чедина
trp_kingdom_3_lady_8|Леди Кифра
trp_kingdom_3_lady_8_pl|Кифра
trp_kingdom_3_lady_9|Леди Нирваз
trp_kingdom_3_lady_9_pl|Нирваз
trp_kingdom_3_lady_10|Леди Дулуа
trp_kingdom_3_lady_10_pl|Дулуа
trp_kingdom_3_lady_11|Леди Селика
trp_kingdom_3_lady_11_pl|Селика
trp_kingdom_3_lady_12|Леди Таланта
trp_kingdom_3_lady_12_pl|Таланта
trp_kingdom_3_lady_13|Леди Ярсина
trp_kingdom_3_lady_13_pl|Ярсина
trp_kingdom_3_lady_14|Леди Надха
trp_kingdom_3_lady_14_pl|Надха
trp_kingdom_3_lady_15|Леди Зенур
trp_kingdom_3_lady_15_pl|Зенур
trp_kingdom_3_lady_16|Леди Арьиз
trp_kingdom_3_lady_16_pl|Арьиз
trp_kingdom_3_lady_17|Леди Атьятан
trp_kingdom_3_lady_17_pl|Атьятан
trp_kingdom_3_lady_18|Леди Квитала
trp_kingdom_3_lady_18_pl|Квитала
trp_kingdom_3_lady_19|Леди Хиндаль
trp_kingdom_3_lady_19_pl|Хиндаль
trp_kingdom_3_lady_20|Леди Мечет
trp_kingdom_3_lady_20_pl|Мечет
trp_kingdom_4_lady_1|Леди Ядет
trp_kingdom_4_lady_1_pl|Ядет
trp_kingdom_4_lady_2|Леди Мьяр
trp_kingdom_4_lady_2_pl|Мьяр
trp_kingdom_4_lady_3|Леди Дриа
trp_kingdom_4_lady_3_pl|Дриа
trp_kingdom_4_lady_4|Леди Гланде
trp_kingdom_4_lady_4_pl|Гланде
trp_kingdom_4_lady_5|Леди Лоэка
trp_kingdom_4_lady_5_pl|Лоэка
trp_kingdom_4_lady_6|Леди Бруна
trp_kingdom_4_lady_6_pl|Бруна
trp_kingdom_4_lady_7|Леди Эйр
trp_kingdom_4_lady_7_pl|Эйр
trp_knight_4_2b_daughter_1|Леди Тера
trp_knight_4_2b_daughter_1_pl|Тера
trp_kingdom_4_lady_9|Леди Хильда
trp_kingdom_4_lady_9_pl|Хильда
trp_knight_4_2c_wife_1|Леди Эндегрида
trp_knight_4_2c_wife_1_pl|Эндегрида
trp_kingdom_4_lady_11|Леди Герьяса
trp_kingdom_4_lady_11_pl|Герьяса
trp_knight_4_2c_daughter|Леди Свипуль
trp_knight_4_2c_daughter_pl|Свипуль
trp_knight_4_1b_wife|Леди Инганна
trp_knight_4_1b_wife_pl|Инганна
trp_kingdom_4_lady_14|Леди Кайтели
trp_kingdom_4_lady_14_pl|Кайтели
trp_knight_4_1b_daughter|Леди Эйлиф
trp_knight_4_1b_daughter_pl|Эйлиф
trp_knight_4_2b_daughter_2|Леди Гудрун
trp_knight_4_2b_daughter_2_pl|Гудрун
trp_kingdom_4_lady_17|Леди Бергита
trp_kingdom_4_lady_17_pl|Бергита
trp_knight_4_2c_wife_2|Леди Айза
trp_knight_4_2c_wife_2_pl|Айза
trp_knight_4_1c_daughter|Леди Альфран
trp_knight_4_1c_daughter_pl|Альфрун
trp_kingdom_4_lady_20|Леди Африда
trp_kingdom_4_lady_20_pl|Африда
trp_kingdom_5_lady_1|Леди Брина
trp_kingdom_5_lady_1_pl|Брина
trp_kingdom_5_lady_2|Леди Альена
trp_kingdom_5_lady_2_pl|Альена
trp_kingdom_5_lady_3|Леди Аннет
trp_kingdom_5_lady_3_pl|Аннет
trp_kingdom_5_lady_4|Леди Риада
trp_kingdom_5_lady_4_pl|Риада
trp_kingdom_5_5_wife|Леди Саратена
trp_kingdom_5_5_wife_pl|Саратена
trp_kingdom_5_2b_wife_1|Леди Батхея
trp_kingdom_5_2b_wife_1_pl|Батхея
trp_kingdom_5_1c_daughter_1|Леди Элиандра
trp_kingdom_5_1c_daughter_1_pl|Элиандра
trp_kingdom_5_2c_daughter_1|Леди Мерацида
trp_kingdom_5_2c_daughter_1_pl|Клаудора
trp_kingdom_5_1c_wife_1|Леди Аделиза
trp_kingdom_5_1c_wife_1_pl|Аделиза
trp_kingdom_5_2c_wife_1|Леди Калантина
trp_kingdom_5_2c_wife_1_pl|Калантина
trp_kingdom_5_1c_daughter_2|Леди Форбеза
trp_kingdom_5_1c_daughter_2_pl|Форбеза
trp_kingdom_5_2c_daughter_2|Леди Клаудора
trp_kingdom_5_2c_daughter_2_pl|Клаудора
trp_kingdom_5_1b_wife|Леди Анаис
trp_kingdom_5_1b_wife_pl|Анаис
trp_kingdom_5_2b_wife_2|Леди Мирайя
trp_kingdom_5_2b_wife_2_pl|Мирайя
trp_kingdom_5_1c_daughter_3|Леди Агасия
trp_kingdom_5_1c_daughter_3_pl|Агасия
trp_kingdom_5_lady_16|Леди Женеява
trp_kingdom_5_lady_16_pl|Женеява
trp_kingdom_5_1c_wife_2|Леди Гвенаэль
trp_kingdom_5_1c_wife_2_pl|Гвенаэль
trp_kingdom_5_2c_wife_2|Леди Юсет
trp_kingdom_5_2c_wife_2_pl|Юсет
trp_kingdom_5_1c_daughter_4|Леди Элиан
trp_kingdom_5_1c_daughter_4_pl|Элиан
trp_kingdom_5_lady_20|Леди Тимети
trp_kingdom_5_lady_20_pl|Тимети
trp_town_1_seneschal_chest|Лорд-сенешаль Ларс Бранигар
trp_town_1_seneschal_chest_pl|Сенешаль 1 города
trp_town_2_seneschal_chest|Лорд-сенешаль Эсбиорн Бьялки
trp_town_2_seneschal_chest_pl|Сенешаль 2 города
trp_town_3_seneschal_chest|Верховный стюард Холлис
trp_town_3_seneschal_chest_pl|Сенешаль 3 города
trp_town_4_seneschal_chest|Стюард Барриган
trp_town_4_seneschal_chest_pl|Сенешаль 4 города
trp_town_5_seneschal_chest|Верховный стюард Крассиус
trp_town_5_seneschal_chest_pl|Сенешаль 5 города
trp_town_6_seneschal_chest|Стюард Мардиган
trp_town_6_seneschal_chest_pl|Сенешаль 6 города
trp_town_7_seneschal_chest|Стюард Шаладор
trp_town_7_seneschal_chest_pl|Сенешаль 7 города
trp_town_8_seneschal_chest|Сенешаль Борган
trp_town_8_seneschal_chest_pl|Сенешаль 8 города
trp_town_9_seneschal_chest|Сенешаль Эльдульф
trp_town_9_seneschal_chest_pl|Сенешаль 9 города
trp_town_10_seneschal_chest|Малик Абаас
trp_town_10_seneschal_chest_pl|Сенешаль Торбы
trp_town_11_seneschal_chest|Сенешаль Гаелвульф
trp_town_11_seneschal_chest_pl|Сенешаль 11 города
trp_town_12_seneschal_chest|Лорд-сенешаль Ивар Одно Ухо
trp_town_12_seneschal_chest_pl|Сенешаль 12 города
trp_town_13_seneschal_chest|Сенешаль Улридар
trp_town_13_seneschal_chest_pl|Сенешаль 13 города
trp_town_14_seneschal_chest|Малик Налин
trp_town_14_seneschal_chest_pl|Сенешаль 14 города
trp_town_15_seneschal_chest|Верховный стюард Сэвис
trp_town_15_seneschal_chest_pl|Сенешаль 15 города
trp_town_16_seneschal_chest|Стюард Витхен
trp_town_16_seneschal_chest_pl|Сенешаль 16 города
trp_town_17_seneschal_chest|Малик Били
trp_town_17_seneschal_chest_pl|Сенешаль 17 города
trp_town_18_seneschal_chest|Малик Уругабин
trp_town_18_seneschal_chest_pl|Сенешаль Ишкомана
trp_town_1_seneschal|Старший сенешаль Ларс Бранигар
trp_town_1_seneschal_pl|Town_1_Сенешаль
trp_town_2_seneschal|Старший сенешаль Эсбьерн Бьялки
trp_town_2_seneschal_pl|Town_2_Сенешаль
trp_town_3_seneschal|Высший стюард Холлис
trp_town_3_seneschal_pl|Town_3_Сенешаль
trp_town_4_seneschal|Стюард Барриган
trp_town_4_seneschal_pl|Town_4_Сенешаль
trp_town_5_seneschal|Высший стюард Крассиус
trp_town_5_seneschal_pl|Town_5_Сенешаль
trp_town_6_seneschal|Стюард Мордиган
trp_town_6_seneschal_pl|Town_6_Сенешаль
trp_town_7_seneschal|Стюард Шаладор
trp_town_7_seneschal_pl|Town_7_Сенешаль
trp_town_8_seneschal|Сенешаль Борган
trp_town_8_seneschal_pl|Town_8_Сенешаль
trp_town_9_seneschal|Сенешаль Эльдульф
trp_town_9_seneschal_pl|Town_9_Сенешаль
trp_town_10_seneschal|Мелик Абаас
trp_town_10_seneschal_pl|Town_10_Сенешаль
trp_town_11_seneschal|Сенешаль Гэлвулф
trp_town_11_seneschal_pl|Town_11_Сенешаль
trp_town_12_seneschal|Старший сенешаль Ивар Одно Ухо
trp_town_12_seneschal_pl|Town_12_Сенешаль
trp_town_13_seneschal|Сенешаль Улридар
trp_town_13_seneschal_pl|Town_13_Сенешаль
trp_town_14_seneschal|Мелик Налин
trp_town_14_seneschal_pl|Town_14_Сенешаль
trp_town_15_seneschal|Высший стюард Савис
trp_town_15_seneschal_pl|Town 14 Сенешаль
trp_town_16_seneschal|Стюард Витэн
trp_town_16_seneschal_pl|Town 14 Сенешаль
trp_town_17_seneschal|Мелик Били
trp_town_17_seneschal_pl|Town 14 Сенешаль
trp_town_18_seneschal|Мелик Урукбан
trp_town_18_seneschal_pl|Town 14 Сенешаль
trp_castle_1_seneschal|Высший стюард Ремус
trp_castle_1_seneschal_pl|Castle_1_Сенешаль
trp_castle_2_seneschal|Мелик Кадан
trp_castle_2_seneschal_pl|Castle_2_Сенешаль
trp_castle_3_seneschal|Сенешаль Фулберт
trp_castle_3_seneschal_pl|Castle_3_Сенешаль
trp_castle_4_seneschal|Сенешаль Хинсмар
trp_castle_4_seneschal_pl|Castle_4_Сенешаль
trp_castle_5_seneschal|Старший сенешаль Элдрим
trp_castle_5_seneschal_pl|Castle_5_Сенешаль
trp_castle_6_seneschal|Сенешаль Регинар
trp_castle_6_seneschal_pl|Castle_6_Сенешаль
trp_castle_7_seneschal|Мелик Куир
trp_castle_7_seneschal_pl|Castle_7_Сенешаль
trp_castle_8_seneschal|Сенешаль Мерович
trp_castle_8_seneschal_pl|Castle_8_Сенешаль
trp_castle_9_seneschal|Высший стюард Аккиус
trp_castle_9_seneschal_pl|Castle_9_Сенешаль
trp_castle_10_seneschal|Старший сенешаль Эрик
trp_castle_10_seneschal_pl|Castle_10_Сенешаль
trp_castle_11_seneschal|Старший сенешаль Солейф
trp_castle_11_seneschal_pl|Castle_11_Сенешаль
trp_castle_12_seneschal|Старший сенешаль Нупа
trp_castle_12_seneschal_pl|Castle 2 Сенешаль
trp_castle_13_seneschal|Стюард Бруэль
trp_castle_13_seneschal_pl|Castle 3 Сенешаль
trp_castle_14_seneschal|Высший стюард Эйус
trp_castle_14_seneschal_pl|Castle 4 Сенешаль
trp_castle_15_seneschal|Высший стюард Гэйус
trp_castle_15_seneschal_pl|Castle 5 Сенешаль
trp_castle_16_seneschal|Высший стюард Люциус
trp_castle_16_seneschal_pl|Castle 6 Сенешаль
trp_castle_17_seneschal|Мелик Орду
trp_castle_17_seneschal_pl|Castle 7 Сенешаль
trp_castle_18_seneschal|Сенешаль Леодегар
trp_castle_18_seneschal_pl|Castle 8 Сенешаль
trp_castle_19_seneschal|Сенешаль Лефрой
trp_castle_19_seneschal_pl|Castle 9 Сенешаль
trp_castle_20_seneschal|Стюард Рис
trp_castle_20_seneschal_pl|Castle 20 Сенешаль
trp_castle_21_seneschal|Высший стюард Албуциус
trp_castle_21_seneschal_pl|Castle 11 Сенешаль
trp_castle_22_seneschal|Мелик Менгу
trp_castle_22_seneschal_pl|Castle 2 Сенешаль
trp_castle_23_seneschal|Стюард Джетинл
trp_castle_23_seneschal_pl|Castle 3 Сенешаль
trp_castle_24_seneschal|Стюард Дафид
trp_castle_24_seneschal_pl|Castle 4 Сенешаль
trp_castle_25_seneschal|Стюард Ливлин
trp_castle_25_seneschal_pl|Castle 5 Сенешаль
trp_castle_26_seneschal|Стюард Джеревард
trp_castle_26_seneschal_pl|Castle 6 Сенешаль
trp_castle_27_seneschal|Стюард Дорверт
trp_castle_27_seneschal_pl|Castle 7 Сенешаль
trp_castle_28_seneschal|Высший стюард Аммианус
trp_castle_28_seneschal_pl|Castle 8 Сенешаль
trp_castle_29_seneschal|Сенешаль Эбрулф
trp_castle_29_seneschal_pl|Castle 9 Сенешаль
trp_castle_30_seneschal|Мелик Сайрин
trp_castle_30_seneschal_pl|Castle 20 Сенешаль
trp_castle_31_seneschal|Стюард Эйнион
trp_castle_31_seneschal_pl|Castle 11 Сенешаль
trp_castle_32_seneschal|Старший сенешаль Халвдан
trp_castle_32_seneschal_pl|Castle 2 Сенешаль
trp_castle_33_seneschal|Высший стюард Септимус
trp_castle_33_seneschal_pl|Castle 3 Сенешаль
trp_castle_34_seneschal|Старший сенешаль Оттар
trp_castle_34_seneschal_pl|Castle 4 Сенешаль
trp_castle_35_seneschal|Стюард Мадок
trp_castle_35_seneschal_pl|Castle 5 Сенешаль
trp_castle_36_seneschal|Старший сенешаль Сранд
trp_castle_36_seneschal_pl|Castle 6 Сенешаль
trp_castle_37_seneschal|Сенешаль Альберик
trp_castle_37_seneschal_pl|Castle 7 Сенешаль
trp_castle_38_seneschal|Мелик Шахадай
trp_castle_38_seneschal_pl|Castle 8 Сенешаль
trp_castle_39_seneschal|Сенешаль Баугулф
trp_castle_39_seneschal_pl|Castle 9 Сенешаль
trp_castle_40_seneschal|Мелик Чагатай
trp_castle_40_seneschal_pl|Castle 20 Сенешаль
trp_town_1_arena_master|Сиргимонд
trp_town_1_arena_master_pl|Мастер арены
trp_town_2_arena_master|Халфандир
trp_town_2_arena_master_pl|Мастер арены
trp_town_3_arena_master|Дориган
trp_town_3_arena_master_pl|Мастер арены
trp_town_4_arena_master|Сквайр Гант
trp_town_4_arena_master_pl|Мастер арены
trp_town_5_arena_master|Сквайр Олан
trp_town_5_arena_master_pl|Мастер арены
trp_town_6_arena_master|Фенринг
trp_town_6_arena_master_pl|Мастер арены
trp_town_7_arena_master|Исадор
trp_town_7_arena_master_pl|Мастер арены
trp_town_8_arena_master|Полдар
trp_town_8_arena_master_pl|Мастер арены
trp_town_9_arena_master|Пенгаст
trp_town_9_arena_master_pl|Мастер арены
trp_town_10_arena_master|Тондрейк
trp_town_10_arena_master_pl|Мастер арены
trp_town_11_arena_master|Куизан
trp_town_11_arena_master_pl|Мастер арены
trp_town_12_arena_master|Борис
trp_town_12_arena_master_pl|Мастер арены
trp_town_13_arena_master|Бартон
trp_town_13_arena_master_pl|Мастер арены
trp_town_14_arena_master|Лорус
trp_town_14_arena_master_pl|Мастер арены
trp_town_15_arena_master|Витс
trp_town_15_arena_master_pl|Мастер арены
trp_town_16_arena_master|Гурман
trp_town_16_arena_master_pl|Мастер арены
trp_town_17_arena_master|Регсанд
trp_town_17_arena_master_pl|Мастер арены
trp_town_18_arena_master|Менатом
trp_town_18_arena_master_pl|Мастер арены
trp_town_1_armorer|Анстон
trp_town_1_armorer_pl|Бронник
trp_town_2_armorer|Брунгильда
trp_town_2_armorer_pl|Бронник
trp_town_3_armorer|Калрок
trp_town_3_armorer_pl|Бронник
trp_town_4_armorer|Дром
trp_town_4_armorer_pl|Бронник
trp_town_5_armorer|Эйнер
trp_town_5_armorer_pl|Бронник
trp_town_6_armorer|Флоад
trp_town_6_armorer_pl|Бронник
trp_town_7_armorer|Джерри
trp_town_7_armorer_pl|Бронник
trp_town_8_armorer|Халмонд Шесть пальцев
trp_town_8_armorer_pl|Бронник
trp_town_9_armorer|Иван Рейнджер
trp_town_9_armorer_pl|Бронник
trp_town_10_armorer|Джорн из Барклая
trp_town_10_armorer_pl|Бронник
trp_town_11_armorer|Клод
trp_town_11_armorer_pl|Бронник
trp_town_12_armorer|Леннет
trp_town_12_armorer_pl|Бронник
trp_town_13_armorer|Морис Могущественный
trp_town_13_armorer_pl|Бронник
trp_town_14_armorer|Нэн Шлифовщик
trp_town_14_armorer_pl|Бронник
trp_town_15_armorer|Сантос
trp_town_15_armorer_pl|Бронник
trp_town_16_armorer|Такер
trp_town_16_armorer_pl|Бронник
trp_town_17_armorer|Денисон
trp_town_17_armorer_pl|Бронник
trp_town_18_armorer|Риза
trp_town_18_armorer_pl|Бронник
trp_town_1_weaponsmith|Зара
trp_town_1_weaponsmith_pl|Оружейник
trp_town_2_weaponsmith|Рэйс
trp_town_2_weaponsmith_pl|Оружейник
trp_town_3_weaponsmith|Валден
trp_town_3_weaponsmith_pl|Оружейник
trp_town_4_weaponsmith|Вилис
trp_town_4_weaponsmith_pl|Оружейник
trp_town_5_weaponsmith|Валаби
trp_town_5_weaponsmith_pl|Оружейник
trp_town_6_weaponsmith|Рексборн
trp_town_6_weaponsmith_pl|Оружейник
trp_town_7_weaponsmith|Турнольд
trp_town_7_weaponsmith_pl|Оружейник
trp_town_8_weaponsmith|Ксена Повар
trp_town_8_weaponsmith_pl|Оружейник
trp_town_9_weaponsmith|Флищер
trp_town_9_weaponsmith_pl|Оружейник
trp_town_10_weaponsmith|Удральд
trp_town_10_weaponsmith_pl|Оружейник
trp_town_11_weaponsmith|Аннис Мастер
trp_town_11_weaponsmith_pl|Оружейник
trp_town_12_weaponsmith|Джорн из Серебряного леса
trp_town_12_weaponsmith_pl|Оружейник
trp_town_13_weaponsmith|Тинсмит
trp_town_13_weaponsmith_pl|Оружейник
trp_town_14_weaponsmith|Ханос Острый топор
trp_town_14_weaponsmith_pl|Оружейник
trp_town_15_weaponsmith|Халф
trp_town_15_weaponsmith_pl|Оружейник
trp_town_16_weaponsmith|Баттондарт
trp_town_16_weaponsmith_pl|Оружейник
trp_town_17_weaponsmith|Руфус
trp_town_17_weaponsmith_pl|Оружейник
trp_town_18_weaponsmith|Портос
trp_town_18_weaponsmith_pl|Оружейник
trp_town_1_tavernkeeper|Альфред
trp_town_1_tavernkeeper_pl|Тавернщик
trp_town_2_tavernkeeper|Бернард Конь
trp_town_2_tavernkeeper_pl|Тавернщик
trp_town_3_tavernkeeper|Авира
trp_town_3_tavernkeeper_pl|Тавернщик
trp_town_4_tavernkeeper|Дехморн
trp_town_4_tavernkeeper_pl|Тавернщик
trp_town_5_tavernkeeper|Энвард
trp_town_5_tavernkeeper_pl|Тавернщик
trp_town_6_tavernkeeper|Фелиция Счастливое пламя
trp_town_6_tavernkeeper_pl|Тавернщик
trp_town_7_tavernkeeper|Эрис
trp_town_7_tavernkeeper_pl|Тавернщик
trp_town_8_tavernkeeper|Джордж Стинбрикер
trp_town_8_tavernkeeper_pl|Тавернщик
trp_town_9_tavernkeeper|Ханна
trp_town_9_tavernkeeper_pl|Тавернщик
trp_town_10_tavernkeeper|Ирина
trp_town_10_tavernkeeper_pl|Тавернщик
trp_town_11_tavernkeeper|Жанна
trp_town_11_tavernkeeper_pl|Тавернщик
trp_town_12_tavernkeeper|Кронак
trp_town_12_tavernkeeper_pl|Тавернщик
trp_town_13_tavernkeeper|Лариса
trp_town_13_tavernkeeper_pl|Тавернщик
trp_town_14_tavernkeeper|Моррис
trp_town_14_tavernkeeper_pl|Тавернщик
trp_town_15_tavernkeeper|Наташа
trp_town_15_tavernkeeper_pl|Тавернщик
trp_town_16_tavernkeeper|Отмал
trp_town_16_tavernkeeper_pl|Тавернщик
trp_town_17_tavernkeeper|Перифра Сладкая
trp_town_17_tavernkeeper_pl|Тавернщик
trp_town_18_tavernkeeper|Квай
trp_town_18_tavernkeeper_pl|Тавернщик
trp_town_1_merchant|Анрид
trp_town_1_merchant_pl|Торговец
trp_town_2_merchant|Бордак
trp_town_2_merchant_pl|Торговец
trp_town_3_merchant|Брина
trp_town_3_merchant_pl|Торговец
trp_town_4_merchant|Хорст
trp_town_4_merchant_pl|Торговец
trp_town_5_merchant|Фланниган
trp_town_5_merchant_pl|Торговец
trp_town_6_merchant|Абнула
trp_town_6_merchant_pl|Торговец
trp_town_7_merchant|Хорн
trp_town_7_merchant_pl|Торговец
trp_town_8_merchant|Торган
trp_town_8_merchant_pl|Торговец
trp_town_9_merchant|Ханикод
trp_town_9_merchant_pl|Торговец
trp_town_10_merchant|Моран
trp_town_10_merchant_pl|Торговец
trp_town_11_merchant|Пентапл
trp_town_11_merchant_pl|Торговец
trp_town_12_merchant|Сиг
trp_town_12_merchant_pl|Торговец
trp_town_13_merchant|Тарана
trp_town_13_merchant_pl|Торговец
trp_town_14_merchant|Биш из Ларии
trp_town_14_merchant_pl|Торговец
trp_town_15_merchant|Трагнар
trp_town_15_merchant_pl|Торговец
trp_town_16_merchant|Винхи
trp_town_16_merchant_pl|Торговец
trp_town_17_merchant|Биби Мазун
trp_town_17_merchant_pl|Торговец
trp_town_18_merchant|Шаграт
trp_town_18_merchant_pl|Торговец
trp_salt_mine_merchant|Хамидарон
trp_salt_mine_merchant_pl|Хамидарон
trp_salt_mine_crazy|Азиз Отшельник
trp_salt_mine_crazy_pl|Азиз Отшельник
trp_town_1_horse_merchant|Хидрина
trp_town_1_horse_merchant_pl|Табунщик
trp_town_2_horse_merchant|Исадор
trp_town_2_horse_merchant_pl|Табунщик
trp_town_3_horse_merchant|Джеран
trp_town_3_horse_merchant_pl|Табунщик
trp_town_4_horse_merchant|Самуил
trp_town_4_horse_merchant_pl|Табунщик
trp_town_5_horse_merchant|Канутия
trp_town_5_horse_merchant_pl|Табунщик
trp_town_6_horse_merchant|Сквайр Катан
trp_town_6_horse_merchant_pl|Табунщик
trp_town_7_horse_merchant|Борча
trp_town_7_horse_merchant_pl|Табунщик
trp_town_8_horse_merchant|Марнид
trp_town_8_horse_merchant_pl|Табунщик
trp_town_9_horse_merchant|Травьер
trp_town_9_horse_merchant_pl|Табунщик
trp_town_10_horse_merchant|Агреан
trp_town_10_horse_merchant_pl|Табунщик
trp_town_11_horse_merchant|Падамар
trp_town_11_horse_merchant_pl|Табунщик
trp_town_12_horse_merchant|Сэмюэль Укротитель
trp_town_12_horse_merchant_pl|Табунщик
trp_town_13_horse_merchant|Дикий Уильям
trp_town_13_horse_merchant_pl|Табунщик
trp_town_14_horse_merchant|Ориса Одна рука
trp_town_14_horse_merchant_pl|Табунщик
trp_town_15_horse_merchant|Атадон
trp_town_15_horse_merchant_pl|Табунщик
trp_town_16_horse_merchant|Сквайр Мориан
trp_town_16_horse_merchant_pl|Табунщик
trp_town_17_horse_merchant|Порбад
trp_town_17_horse_merchant_pl|Табунщик
trp_town_18_horse_merchant|Далантриель
trp_town_18_horse_merchant_pl|Табунщик
trp_town_1_mayor|Харл Вилобородый
trp_town_1_mayor_pl|Гильдмастер
trp_town_2_mayor|Джорн Топор
trp_town_2_mayor_pl|Гильдмастер
trp_town_3_mayor|Мастер Рал
trp_town_3_mayor_pl|Гильдмастер
trp_town_4_mayor|Сквайр Томас
trp_town_4_mayor_pl|Гильдмастер
trp_town_5_mayor|Мастер Танос
trp_town_5_mayor_pl|Гильдмастер
trp_town_6_mayor|Сквайр Давиан
trp_town_6_mayor_pl|Гильдмастер
trp_town_7_mayor|Сквайр Уолкотт
trp_town_7_mayor_pl|Гильдмастер
trp_town_8_mayor|Сквайр Вентон
trp_town_8_mayor_pl|Гильдмастер
trp_town_9_mayor|Сквайр Хорден
trp_town_9_mayor_pl|Гильдмастер
trp_town_10_mayor|Самаджа Прадха Шивад
trp_town_10_mayor_pl|Гильдмастер
trp_town_11_mayor|Сквайр Холбрук
trp_town_11_mayor_pl|Гильдмастер
trp_town_12_mayor|Хельга Золотой зуб
trp_town_12_mayor_pl|Гильдмастер
trp_town_13_mayor|Сквайр Отис
trp_town_13_mayor_pl|Гильдмастер
trp_town_14_mayor|Самаджа Прадха Амдалар
trp_town_14_mayor_pl|Гильдмастер
trp_town_15_mayor|Мастер Квинт
trp_town_15_mayor_pl|Гильдмастер
trp_town_16_mayor|Сквайр Лорен
trp_town_16_mayor_pl|Гильдмастер
trp_town_17_mayor|Самаджа Прадха Тазник
trp_town_17_mayor_pl|Гильдмастер
trp_town_18_mayor|Самаджа Прадха Булджан
trp_town_18_mayor_pl|Гильдмастер
trp_village_1_elder|Арнед
trp_village_1_elder_pl|староста
trp_village_2_elder|Вентон
trp_village_2_elder_pl|староста
trp_village_3_elder|Хусну
trp_village_3_elder_pl|староста
trp_village_4_elder|Корган
trp_village_4_elder_pl|староста
trp_village_5_elder|Идраван
trp_village_5_elder_pl|староста
trp_village_6_elder|Сквайр Шандор
trp_village_6_elder_pl|староста
trp_village_7_elder|Смотритель Валк
trp_village_7_elder_pl|староста
trp_village_8_elder|Салих
trp_village_8_elder_pl|староста
trp_village_9_elder|Смотритель Норлад
trp_village_9_elder_pl|староста
trp_village_10_elder|Рейнджер Фенгрев
trp_village_10_elder_pl|староста
trp_village_11_elder|Салих
trp_village_11_elder_pl|староста
trp_village_12_elder|Сквайр Хендар
trp_village_12_elder_pl|староста
trp_village_13_elder|Смотритель Квай
trp_village_13_elder_pl|староста
trp_village_14_elder|Оливер
trp_village_14_elder_pl|староста
trp_village_15_elder|Стюард Джон
trp_village_15_elder_pl|староста
trp_village_16_elder|Синран
trp_village_16_elder_pl|староста
trp_village_17_elder|Торгна
trp_village_17_elder_pl|староста
trp_village_18_elder|Сенешаль Поль
trp_village_18_elder_pl|староста
trp_village_19_elder|Смотритель Эйвери
trp_village_19_elder_pl|староста
trp_village_20_elder|Ирмерд
trp_village_20_elder_pl|староста
trp_village_21_elder|Тимурхан
trp_village_21_elder_pl|староста
trp_village_22_elder|Аббат Элкхорн
trp_village_22_elder_pl|староста
trp_village_23_elder|Смотритель Орик
trp_village_23_elder_pl|староста
trp_village_24_elder|Начальник Олон
trp_village_24_elder_pl|староста
trp_village_25_elder|Охотник Брюс
trp_village_25_elder_pl|староста
trp_village_26_elder|Мехмед
trp_village_26_elder_pl|староста
trp_village_27_elder|Сарлан
trp_village_27_elder_pl|староста
trp_village_28_elder|Мастер Юли
trp_village_28_elder_pl|староста
trp_village_29_elder|Стюард Вернер
trp_village_29_elder_pl|староста
trp_village_30_elder|Олион
trp_village_30_elder_pl|староста
trp_village_31_elder|Охотник Андар
trp_village_31_elder_pl|староста
trp_village_32_elder|Аббат Фоллонр
trp_village_32_elder_pl|староста
trp_village_33_elder|Меркан
trp_village_33_elder_pl|староста
trp_village_34_elder|Муса
trp_village_34_elder_pl|староста
trp_village_35_elder|Смотритель Маладан
trp_village_35_elder_pl|староста
trp_village_36_elder|Сенешаль Пел
trp_village_36_elder_pl|староста
trp_village_37_elder|Староста Хейриддин
trp_village_37_elder_pl|староста
trp_village_38_elder|Хусну хромой
trp_village_38_elder_pl|староста
trp_village_39_elder|Смотритель Йост
trp_village_39_elder_pl|староста
trp_village_40_elder|Азен
trp_village_40_elder_pl|староста
trp_village_41_elder|Дениголдр
trp_village_41_elder_pl|староста
trp_village_42_elder|Эзреаль
trp_village_42_elder_pl|староста
trp_village_43_elder|Рональд
trp_village_43_elder_pl|староста
trp_village_44_elder|Факи
trp_village_44_elder_pl|староста
trp_village_45_elder|Рама
trp_village_45_elder_pl|староста
trp_village_46_elder|Джорос
trp_village_46_elder_pl|староста
trp_village_47_elder|Руснал
trp_village_47_elder_pl|староста
trp_village_48_elder|Налворн
trp_village_48_elder_pl|староста
trp_village_49_elder|Ворсан
trp_village_49_elder_pl|староста
trp_village_50_elder|Сандавал
trp_village_50_elder_pl|староста
trp_village_51_elder|Валдариан
trp_village_51_elder_pl|староста
trp_village_52_elder|Сенешаль Дарианшор
trp_village_52_elder_pl|староста
trp_village_53_elder|Шорнкам
trp_village_53_elder_pl|староста
trp_village_54_elder|Камедар
trp_village_54_elder_pl|староста
trp_village_55_elder|Смотритель Дарсен
trp_village_55_elder_pl|староста
trp_village_56_elder|Сенхок
trp_village_56_elder_pl|староста
trp_village_57_elder|Стюард Хоквелл
trp_village_57_elder_pl|староста
trp_village_58_elder|Велборок
trp_village_58_elder_pl|староста
trp_village_59_elder|Мастер Брокмонт
trp_village_59_elder_pl|староста
trp_village_60_elder|Монпилар
trp_village_60_elder_pl|староста
trp_village_61_elder|Пелдран
trp_village_61_elder_pl|староста
trp_village_62_elder|Сквайр Дрантон
trp_village_62_elder_pl|староста
trp_village_63_elder|Торман
trp_village_63_elder_pl|староста
trp_village_64_elder|Мастер Мандрейк
trp_village_64_elder_pl|староста
trp_village_65_elder|Охотник Драголд
trp_village_65_elder_pl|староста
trp_village_66_elder|Мастер Гофиндар
trp_village_66_elder_pl|староста
trp_village_67_elder|Финдель
trp_village_67_elder_pl|староста
trp_village_68_elder|Сквайр Делондар
trp_village_68_elder_pl|староста
trp_village_69_elder|Священник Дарлантриан
trp_village_69_elder_pl|староста
trp_village_70_elder|Тинкборн
trp_village_70_elder_pl|староста
trp_village_71_elder|Аббат Биндарр
trp_village_71_elder_pl|староста
trp_village_72_elder|Смотритель Раббан
trp_village_72_elder_pl|староста
trp_village_73_elder|Сахаван
trp_village_73_elder_pl|староста
trp_village_74_elder|Ванвалан
trp_village_74_elder_pl|староста
trp_village_75_elder|Брешебар
trp_village_75_elder_pl|староста
trp_village_76_elder|Сквайр Талберл
trp_village_76_elder_pl|староста
trp_village_77_elder|Берлбрай
trp_village_77_elder_pl|староста
trp_village_78_elder|Сенешаль Брайдон
trp_village_78_elder_pl|староста
trp_village_79_elder|Дондел
trp_village_79_elder_pl|староста
trp_village_80_elder|Мастер Делфан
trp_village_80_elder_pl|староста
trp_village_81_elder|Фансен
trp_village_81_elder_pl|староста
trp_village_82_elder|Сенгорвал
trp_village_82_elder_pl|староста
trp_village_83_elder|Сквайр Горгрим
trp_village_83_elder_pl|староста
trp_village_84_elder|Сквайр Пурдис
trp_village_84_elder_pl|староста
trp_village_85_elder|Хигфорс
trp_village_85_elder_pl|староста
trp_village_86_elder|Сквайр Ланс
trp_village_86_elder_pl|староста
trp_village_87_elder|Стефан Печатный лист
trp_village_87_elder_pl|староста
trp_village_88_elder|Аббат Вилфен
trp_village_88_elder_pl|староста
trp_village_89_elder|Фенгроув
trp_village_89_elder_pl|староста
trp_village_90_elder|Мастер Хамидарлион
trp_village_90_elder_pl|староста
trp_merchants_end|merchants end
trp_merchants_end_pl|merchants end
trp_bonus_chest_1|Скрытый тайник в Рани
trp_bonus_chest_1_pl|Скрытый тайник в Рани
trp_bonus_chest_2|Сундук с сокровищами
trp_bonus_chest_2_pl|Сундук с сокровищами
trp_bonus_chest_3|Скрытый тайник в Валонбрее
trp_bonus_chest_3_pl|Скрытый тайник в Валонбрее
trp_bonus_chest_4|Скрытый тайник в Пэйнсбрюке
trp_bonus_chest_4_pl|Скрытый тайник в Пэйнсбрюке
trp_bonus_chest_5|Скрытый тайник в Сарлеоне
trp_bonus_chest_5_pl|Скрытый тайник в Сарлеоне
trp_bonus_chest_6|Сундук
trp_bonus_chest_6_pl|сундук
trp_local_merchant|Местный торговец
trp_local_merchant_pl|Местные торговцы
trp_tax_rebel|Мятежный крестьянин
trp_tax_rebel_pl|Мятежные крестьяне
trp_trainee_peasant|Крестьянин
trp_trainee_peasant_pl|Крестьяне
trp_fugitive|Подозрительный тип
trp_fugitive_pl|Подозрительные типы
trp_belligerent_drunk|Драчливый забулдыга
trp_belligerent_drunk_pl|Драчливая пьянь
trp_hired_assassin|Драчливый забулдыга
trp_hired_assassin_pl|Драчливая пьянь
trp_fight_promoter|Грубиян
trp_fight_promoter_pl|Грубиян
trp_spy|Обычный горожанин
trp_spy_pl|Обычные горожане
trp_spy_partner|Неприметный горожанин
trp_spy_partner_pl|Неприметные горожане
trp_nurse_for_lady|Нянюшка
trp_nurse_for_lady_pl|Нянюшка
trp_temporary_minister|Советник
trp_temporary_minister_pl|Советник
trp_ghost_quest_ghost_lady|Призрак Леди
trp_ghost_quest_ghost_lady_pl|Призрак Леди
trp_ghost_quest_castle_scribe|Придворный писарь
trp_ghost_quest_castle_scribe_pl|Придворный писарь
trp_ghost_quest_friendly_lord_mistress|Леди Морвена
trp_ghost_quest_friendly_lord_mistress_pl|Морвена
trp_quigfen|Квигфен
trp_quigfen_pl|Квигфен
trp_noldor_leader|Садрен
trp_noldor_leader_pl|Садрен
trp_noldor_merchant|Каланон
trp_noldor_merchant_pl|Каланон
trp_noldor_trainer|Вендетхиель
trp_noldor_trainer_pl|Вендетхиель
trp_noldor_recruiter|Арандур
trp_noldor_recruiter_pl|Арандур
trp_sarleon_longbowman_multiplayer_ai|Арбалетчик Сарлеона
trp_sarleon_longbowman_multiplayer_ai_pl|Арбалетчики Сарлеона
trp_sarleon_arm_footman_multiplayer_ai|Пехотинец Сарлеона
trp_sarleon_arm_footman_multiplayer_ai_pl|Пехотинцы Сарлеона
trp_sarleon_manatarms_multiplayer_ai|Всадник Сарлеона
trp_sarleon_manatarms_multiplayer_ai_pl|Всадники Сарлеона
trp_rav_archer_multiplayer_ai|Лучник Равенстерна
trp_rav_archer_multiplayer_ai_pl|Лучники Равенстерна
trp_vaegir_spearman_multiplayer_ai|Равенстернский копейщик
trp_vaegir_spearman_multiplayer_ai_pl|Равенстернские копейщики
trp_rav_squire_multiplayer_ai|Всадник Равенстерна
trp_rav_squire_multiplayer_ai_pl|Всадники Равенстерна
trp_khergit_dismounted_lancer_multiplayer_ai|Спешенный лучник Д'Шар
trp_khergit_dismounted_lancer_multiplayer_ai_pl|Спешенные лучники Д'Шар
trp_dshar_noble_cavalry_multiplayer_ai|Конный лучник Д'Шар
trp_dshar_noble_cavalry_multiplayer_ai_pl|Конные лучники Д'Шар
trp_dshar_warrior_multiplayer_ai|Шайтан Д'Шар
trp_dshar_warrior_multiplayer_ai_pl|Шайтаны Д'Шар
trp_nord_veteran_multiplayer_ai|Фирдсвейнский пеший воин
trp_nord_veteran_multiplayer_ai_pl|Фирдсвейнские пешие воины
trp_nord_scout_multiplayer_ai|Фирдсвейнский разведчик
trp_nord_scout_multiplayer_ai_pl|Фирдсвейнские разведчики
trp_fierd_bowman_multiplayer_ai|Лучник Фирдсвейна
trp_fierd_bowman_multiplayer_ai_pl|Лучники Фирдсвейна
trp_empire_crossbowman_multiplayer_ai|Арбалетчик Империи
trp_empire_crossbowman_multiplayer_ai_pl|Арбалетчики Империи
trp_empire_infantry_multiplayer_ai|Копейщик Империи
trp_empire_infantry_multiplayer_ai_pl|Копейщики Империи
trp_rhodok_scout_multiplayer_ai|Скаут Империи
trp_rhodok_scout_multiplayer_ai_pl|Скауты Империи
trp_sarleon_longbowman_multiplayer|Арбалетчик Сарлеона
trp_sarleon_longbowman_multiplayer_pl|Арбалетчики Сарлеона
trp_sarleon_arm_footman_multiplayer|Пехотинец Сарлеона
trp_sarleon_arm_footman_multiplayer_pl|Пехотинцы Сарлеона
trp_sarleon_manatarms_multiplayer|Всадник Сарлеона
trp_sarleon_manatarms_multiplayer_pl|Всадники Сарлеона
trp_rav_archer_multiplayer|Лучник Равенстерна
trp_rav_archer_multiplayer_pl|Лучники Равенстерна
trp_vaegir_spearman_multiplayer|Равенстернский копейщик
trp_vaegir_spearman_multiplayer_pl|Равенстернские копейщики
trp_rav_squire_multiplayer|Всадник Равенстерна
trp_rav_squire_multiplayer_pl|Всадники Равенстерна
trp_dshar_noble_cavalry_multiplayer|Конный лучник Д'Шар
trp_dshar_noble_cavalry_multiplayer_pl|Конные лучники Д'Шар
trp_dshar_warrior_multiplayer|Шайтан Д'Шар
trp_dshar_warrior_multiplayer_pl|Шайтаны Д'Шар
trp_fierd_bowman_multiplayer|Скаут Фирдсвейна
trp_fierd_bowman_multiplayer_pl|Скауты Фирдсвейна
trp_nord_veteran_multiplayer|Хускарл Фирдсвейна
trp_nord_veteran_multiplayer_pl|Хускарлы Фирдсвейна
trp_nord_scout_multiplayer|Фирдсвейнский разведчик
trp_nord_scout_multiplayer_pl|Фирдсвейнские разведчики
trp_empire_crossbowman_multiplayer|Арбалетчик Империи
trp_empire_crossbowman_multiplayer_pl|Арбалетчики Империи
trp_empire_knight_multiplayer|Сержант Империи
trp_empire_knight_multiplayer_pl|Сержант Империи
trp_rhodok_horseman_multiplayer|Всадник Империи
trp_rhodok_horseman_multiplayer_pl|Всадники Империи
trp_nurse|Нянюшка
trp_quick_battle_troop_1|Родриго де Браганка
trp_quick_battle_troop_1_pl|Родриго де Браганка
trp_quick_battle_troop_2|Азза
trp_quick_battle_troop_2_pl|Азза
trp_quick_battle_troop_3|Хеген
trp_quick_battle_troop_3_pl|Хеген
trp_quick_battle_troop_4|Конрад
trp_quick_battle_troop_4_pl|Конрад
trp_quick_battle_troop_5|Сверре
trp_quick_battle_troop_5_pl|Сверре
trp_quick_battle_troop_6|Борислав
trp_quick_battle_troop_6_pl|Борислав
trp_quick_battle_troop_7|Ставрос
trp_quick_battle_troop_7_pl|Ставрос
trp_quick_battle_troop_8|Гамара
trp_quick_battle_troop_8_pl|Гамара
trp_quick_battle_troop_9|Этрод
trp_quick_battle_troop_9_pl|Этрод
trp_quick_battle_troop_10|Заира
trp_quick_battle_troop_10_pl|Заира
trp_quick_battle_troop_11|Арго Сенднар
trp_quick_battle_troop_11_pl|Арго Сенднар
trp_tutorial_fighter_1|Боец-новичок
trp_tutorial_fighter_1_pl|Бойцы
trp_tutorial_fighter_2|Боец-новичок
trp_tutorial_fighter_2_pl|Бойцы
trp_tutorial_fighter_3|Опытный боец
trp_tutorial_fighter_3_pl|Бойцы
trp_tutorial_fighter_4|Боец-ветеран
trp_tutorial_fighter_4_pl|Бойцы
trp_tutorial_archer_1|Лучник
trp_tutorial_archer_1_pl|Лучники
trp_tutorial_master_archer|Учитель стрельбы из лука
trp_tutorial_master_archer_pl|Учителя стрельбы из лука
trp_tutorial_rider_1|Всадник
trp_tutorial_rider_2|Конный лучник
trp_tutorial_master_horseman|Учитель верховой езды
trp_tutorial_master_horseman_pl|Учитель верховой езды
trp_sarleon_merchant|Купец из Сарлеона
trp_ravenstern_merchant|Купец из Равенстерна
trp_dshar_merchant|Купец из Торбы
trp_fierdsvain_merchant|Купец из Явиксхольма
trp_empire_merchant|Купец из Яноса
trp_startup_merchants_end|конец списка торговцев
trp_startup_merchants_end_pl|конец списка торговцев
trp_relative_of_merchant_sarleon|Сестра торговца
trp_relative_of_merchant_ravenstern|Брат торговца
trp_relative_of_merchant_dshar|Третья жена купца
trp_relative_of_merchant_fierdsvain|Купеческий сын
trp_relative_of_merchant_empire|Дочь торговца
trp_relative_of_merchants_end|конец списка родственников торговца
trp_relative_of_merchants_end_pl|конец списка родственников торговца
trp_player_knight_dummy|Рыцарь ордена
trp_player_knight_dummy_pl|Рыцари ордена
trp_player_sergeant_dummy|Сержант ордена
trp_player_sergeant_dummy_pl|Сержанты ордена
trp_player_knight_save|Рыцарь ордена
trp_player_knight_save_pl|Рыцари ордена
trp_player_sergeant_save|Сержант ордена
trp_player_sergeant_save_pl|Сержанты ордена
trp_player_knight_before_training|Рыцарь ордена
trp_player_knight_before_training_pl|Рыцари ордена
trp_player_sergeant_before_training|Сержант ордена
trp_player_sergeant_before_training_pl|Сержанты ордена
trp_wardrobe|Гардероб
trp_wardrobe_pl|Гардеробы
trp_load_detector|Детектор загрузки
trp_load_detector_pl|Детекторы загрузки
trp_custom_knight_1_save|Младший рыцарь ордена
trp_custom_knight_1_save_pl|Младшие рыцари ордена
trp_custom_knight_2_save|Младший рыцарь ордена
trp_custom_knight_2_save_pl|Младшие рыцари ордена
trp_custom_knight_3_save|Младший рыцарь ордена
trp_custom_knight_3_save_pl|Младшие рыцари ордена
trp_custom_knight_4_save|Младший рыцарь ордена
trp_custom_knight_4_save_pl|Младшие рыцари ордена
trp_custom_knight_5_save|Младший рыцарь ордена
trp_custom_knight_5_save_pl|Младшие рыцари ордена
trp_custom_knight_6_save|Младший рыцарь ордена
trp_custom_knight_6_save_pl|Младшие рыцари ордена
trp_custom_knight_7_save|Младший рыцарь ордена
trp_custom_knight_7_save_pl|Младшие рыцари ордена
trp_merc_leader_mettenheim|Капитан Герхард
trp_merc_leader_mettenheim_pl|Герхард
trp_merc_leader_veccavia|Тоблик
trp_merc_leader_veccavia_pl|Тоблик
trp_merc_leader_barclay|Веласко Лучший Во Всем
trp_merc_leader_barclay_pl|Веласко
trp_merc_leader_melitine|Лидия из Сарно
trp_merc_leader_melitine_pl|Лидия
trp_merc_leader_marleons|Грандилон
trp_merc_leader_marleons_pl|Грандилон
trp_timothy|Сэр Тимоти
trp_timothy_pl|Тимоти
trp_lothario|Лотарио
trp_lothario_pl|Лотарио
trp_morcas|Сэр Моркас VII, Барон Вералла
trp_morcas_pl|Моркас
trp_firuz|Фируз Громила
trp_firuz_pl|Фируз
trp_merc_leader_jatu|Ширузах Священной Стрелы
trp_merc_leader_jatu_pl|Ширузах
trp_merc_leader_merc|Джерин Маэрсоу
trp_merc_leader_merc_pl|Джерин Маэрсоу
trp_andy|Энди Жулик
trp_andy_pl|Энди
trp_old_ruin_camp_master|Бернард
trp_old_ruin_camp_master_pl|Бернард
trp_old_ruin_camp_blacksmith|Харольд
trp_old_ruin_camp_blacksmith_pl|Харольд
trp_old_ruin_camp_vet|Дирафш
trp_old_ruin_camp_vet_pl|Дирафш
trp_old_ruin_camp_guard|Лагерный страж
trp_old_ruin_camp_guard_pl|Лагерный страж
trp_order_constable|Констебль Валориан
trp_order_constable_pl|Town 4 Сенешаль
trp_order_blacksmith|Алексиос из Мелитайна
trp_order_blacksmith_pl|Town 5 Сенешаль
trp_order_quartermaster|Квартирмейстер Кайлин
trp_order_quartermaster_pl|Town 6 Сенешаль
trp_key_config|Key Config
trp_key_config_pl|Key Config
trp_elacrai_loot|Трофеи Элакрая
trp_elacrai_loot_pl|Трофеи Элакрая
